time,latitude,longitude,depth,mag,magType,nst,gap,dmin,rms,net,id,updated,place,type,horizontalError,depthError,magError,magNst,status,locationSource,magSource
2014-01-04T05:23:00.310Z,36.9704,143.3822,22,5.5,mwb,,46,4.176,0.7,us,usc000lwp7,2014-03-07T00:25:58.000Z,"218 km ESE of Namie, Japan",earthquake,,1.7,0.075,17,reviewed,us,us
2014-02-17T05:55:59.160Z,18.5285,120.4305,20.23,5.5,mww,,43,0.971,0.93,us,usc000mruf,2022-07-26T07:24:14.884Z,"16 km WNW of Davila, Philippines",earthquake,,2.9,,,reviewed,us,us
2014-03-02T20:11:23.430Z,27.4312,127.3674,119,6.5,mww,,17,1.001,0.97,us,usb000mzmn,2022-07-26T08:24:32.938Z,"109 km NW of Nago, Japan",earthquake,,1.8,,,reviewed,us,us
2014-03-13T17:06:50.770Z,33.6842,131.8249,79,6.3,mww,,12,0.969,1.28,us,usc000nabv,2022-07-26T09:28:34.691Z,"32 km SSW of Hikari, Japan",earthquake,,1.8,,,reviewed,us,us
2014-03-19T12:19:26.020Z,24.109,122.2613,20,5.8,mww,,14,0.612,0.91,us,usc000ngte,2022-07-26T09:57:44.869Z,"68 km ENE of Hualien City, Taiwan",earthquake,,1.7,,,reviewed,us,us
2014-03-26T08:49:41.910Z,28.19,131.5108,10,5.5,mww,,29,3.176,0.71,us,usc000nqxt,2014-05-29T23:32:06.000Z,"199 km E of Naze, Japan",earthquake,,1.7,,,reviewed,us,us
2014-04-02T23:22:47.720Z,39.1648,141.8049,58.06,5.5,mwb,,73,3.027,0.99,us,usc000p20r,2022-07-26T11:58:35.150Z,"12 km NE of ?funato, Japan",earthquake,,3.8,0.044,50,reviewed,us,us
2014-05-02T09:15:20.720Z,37.852,144.2342,15.97,5.6,mww,,17,4.239,0.67,us,usb000q6x6,2022-05-03T16:49:08.069Z,"258 km ESE of ?funato, Japan",earthquake,,2.7,,,reviewed,us,us
2014-05-03T10:57:13.650Z,22.276,144.0124,89.55,5.6,mww,,15,5.078,0.8,us,usb000q81w,2022-05-03T16:49:12.337Z,"Volcano Islands, Japan region",earthquake,,3.5,,,reviewed,us,us
2014-05-04T20:18:24.680Z,34.9118,139.4186,153,6,mww,,15,1.813,0.95,us,usb000q9sv,2022-08-06T23:33:17.299Z,"31 km ESE of It?, Japan",earthquake,,1.8,,,reviewed,us,us
2014-05-05T11:08:43.420Z,19.6557,99.6696,6,6.1,mww,,18,1.081,0.56,us,usb000qack,2022-08-06T23:34:09.841Z,"32 km SSW of Chiang Rai, Thailand",earthquake,,1.7,,,reviewed,us,us
2014-05-15T10:16:42.020Z,9.3832,122.0604,15.46,6.3,mww,,15,4.172,0.97,us,usb000qniy,2022-05-03T16:51:18.292Z,"51 km WSW of Alim, Philippines",earthquake,,2.9,,,reviewed,us,us
2014-05-21T00:21:12.900Z,23.7553,121.5005,13,5.6,mww,,19,0.406,0.84,us,usb000qxnd,2022-07-26T15:20:47.698Z,"Taiwan",earthquake,,1.7,,,reviewed,us,us
2014-05-23T20:49:21.970Z,24.9737,97.8437,8,5.8,mww,,24,4.443,0.98,us,usb000r1y6,2022-05-03T16:52:10.215Z,"63 km SE of Myitkyina, Myanmar",earthquake,,1.7,,,reviewed,us,us
2014-05-30T01:20:15.170Z,24.9997,97.845,10,5.9,mww,,18,4.441,0.86,us,usc000r8xg,2022-05-03T16:52:15.368Z,"62 km SE of Myitkyina, Myanmar",earthquake,,1.7,,,reviewed,us,us
2014-05-30T15:26:14.180Z,9.3864,126.4726,14.53,5.7,mww,,82,2.465,1.13,us,usc000r948,2022-05-03T16:52:26.423Z,"33 km ENE of Cortes, Philippines",earthquake,,3,,,reviewed,us,us
2014-06-14T17:31:41.560Z,39.4384,140.9876,92,5.5,mww,,15,3.056,0.67,us,usc000rfj5,2022-05-03T16:54:40.962Z,"12 km WNW of Hanamaki, Japan",earthquake,,1.8,,,reviewed,us,us
2014-06-15T18:19:14.540Z,36.6041,141.7237,15.87,5.5,mww,,48,2.829,0.78,us,usc000rfu7,2022-07-26T17:08:12.209Z,"near the east coast of Honshu, Japan",earthquake,,2.6,,,reviewed,us,us
2014-06-15T20:14:50.620Z,37.0961,141.1141,45,5.6,mww,,58,2.395,0.83,us,usc000rfv0,2022-07-26T17:10:14.374Z,"21 km ENE of Iwaki, Japan",earthquake,,1.9,,,reviewed,us,us
2014-06-29T05:56:31.720Z,24.3877,142.6278,48,6.2,mww,,11,2.726,0.66,us,usc000rnfx,2022-05-03T16:55:35.507Z,"Volcano Islands, Japan region",earthquake,,1.8,,,reviewed,us,us
2014-06-30T19:55:32.390Z,28.3404,138.8441,511,6.2,mww,,13,3.21,0.64,us,usc000rnx0,2022-05-03T16:55:42.716Z,"Bonin Islands, Japan region",earthquake,,1.9,,,reviewed,us,us
2014-07-04T22:42:05.070Z,39.648,142.0802,50.31,5.7,mww,,17,2.501,0.72,us,usc000rqix,2022-07-26T18:50:43.566Z,"11 km E of Miyako, Japan",earthquake,,3.5,,,reviewed,us,us
2014-07-08T09:05:22.970Z,42.6676,141.3472,10,5.5,mwb,,36,1.492,1.05,us,usc000rrl0,2022-07-26T19:09:16.371Z,"13 km N of Shiraoi, Japan",earthquake,,1.7,0.073,18,reviewed,us,us
2014-07-11T19:22:00.820Z,37.0052,142.4525,20,6.5,mww,,9,2.421,0.75,us,usb000rs50,2022-08-07T00:39:37.402Z,"139 km ESE of Namie, Japan",earthquake,,1.7,,,reviewed,us,us
2014-08-03T04:06:03.740Z,28.0487,128.0642,10,5.7,mww,,23,1.222,0.89,us,usb000rzlc,2022-05-03T18:33:45.833Z,"143 km WSW of Naze, Japan",earthquake,,1.7,,,reviewed,us,us
2014-08-03T08:30:13.570Z,27.1891,103.4086,12,6.2,mww,,13,2.143,1,us,usb000rzmg,2022-07-26T21:20:34.640Z,"33 km WSW of Zhaotong, China",earthquake,,1.7,,,reviewed,us,us
2014-08-10T03:43:17.240Z,41.1585,142.1309,41,6.1,mww,,24,2.978,0.7,us,usb000s1nc,2022-07-26T21:54:17.052Z,"78 km E of Mutsu, Japan",earthquake,,1.8,,,reviewed,us,us
2014-08-28T19:14:35.550Z,32.0864,132.0682,20,5.8,mww,,18,1.443,1.27,us,usc000s7q8,2022-07-27T00:02:41.784Z,"53 km E of Takanabe, Japan",earthquake,5.9,1.7,,,reviewed,us,us
2014-09-16T03:28:30.310Z,36.0873,139.8502,49.94,5.5,mww,,32,0.31,0.71,us,usb000scur,2022-08-07T01:45:17.992Z,"4 km ESE of Sakai, Japan",earthquake,4.6,2.3,,,reviewed,us,us
2014-09-21T17:32:05.010Z,27.9401,139.597,491.15,5.5,mww,,27,2.447,0.73,us,usb000sesb,2014-12-19T00:05:25.040Z,"Bonin Islands, Japan region",earthquake,9.9,6.1,,,reviewed,us,us
2014-10-03T00:57:30.710Z,40.1565,142.7657,30,5.5,mww,,20,1.88,0.79,us,usb000sicw,2022-07-27T03:50:27.015Z,"90 km NE of Miyako, Japan",earthquake,6.3,1.7,,,reviewed,us,us
2014-10-03T08:05:44.270Z,11.3267,122.1187,19.45,5.5,mwb,,39,2.99,0.64,us,usb000sif9,2022-07-27T03:56:17.434Z,"7 km E of San Francisco, Philippines",earthquake,6.8,3.1,0.075,17,reviewed,us,us
2014-10-07T13:49:39.720Z,23.3834,100.4702,8.51,6.1,mww,,23,2.7,0.8,us,usb000sjim,2022-07-27T04:20:20.159Z,"125 km SW of Jianshui, China",earthquake,6.3,3.1,,,reviewed,us,us
2014-10-11T02:35:47.480Z,41.0272,143.1649,22,6.1,mww,,28,0.987,0.72,us,usb000skys,2022-07-27T04:32:09.682Z,"152 km ENE of Hachinohe, Japan",earthquake,5.9,1.4,,,reviewed,us,us
2014-10-15T23:53:02.260Z,31.7863,140.5047,60,5.5,mww,,29,1.448,0.69,us,usb000smn6,2022-05-03T18:18:56.241Z,"Izu Islands, Japan region",earthquake,6.6,1.8,,,reviewed,us,us
2014-10-22T00:15:17.440Z,27.4158,128.5533,43,5.8,mww,,19,0.629,0.95,us,usb000spn6,2022-07-27T05:30:08.677Z,"Ryukyu Islands, Japan",earthquake,5.4,1.8,,,reviewed,us,us
2014-10-27T08:34:20.850Z,9.7575,126.7514,46.09,5.5,mwc,,37,2.911,1.12,us,usb000squk,2016-11-10T21:45:02.317Z,"70 km E of Union, Philippines",earthquake,7.2,4.6,,,reviewed,us,gcmt
2014-11-20T01:51:42.180Z,37.3226,141.6082,32,5.6,mww,,51,0.848,0.47,us,usb000sy4s,2022-07-27T08:13:13.161Z,"56 km ESE of Namie, Japan",earthquake,5.3,1.8,,,reviewed,us,us
2014-11-20T18:14:37.790Z,23.5081,93.5148,49,5.6,mwb,,10,2.546,0.78,us,usb000sybr,2022-07-27T08:17:12.248Z,"42 km ENE of Khawhai, India",earthquake,7.3,1.8,0.049,40,reviewed,us,us
2014-11-21T03:29:11.390Z,20.6545,120.0724,4,5.8,mww,,21,2.347,0.76,us,usb000syg3,2022-05-03T17:06:51.034Z,"164 km SSW of Hengchun, Taiwan",earthquake,6.4,1.7,,,reviewed,us,us
2014-11-22T08:55:26.580Z,30.3398,101.7374,9,5.9,mww,,24,5.271,0.72,us,usb000syy0,2022-07-27T08:26:15.284Z,"Western Sichuan, China",earthquake,6.5,0.5,,,reviewed,us,us
2014-11-22T13:08:18.420Z,36.6408,137.8875,9,6.2,mww,,19,0.271,0.98,us,usb000syza,2022-08-07T04:46:03.314Z,"6 km SSE of Hakuba, Japan",earthquake,5.3,1.7,,,reviewed,us,us
2014-11-25T15:19:08.050Z,30.1884,101.7618,9,5.6,mwb,,19,5.119,0.61,us,usb000szw2,2022-07-27T08:44:15.639Z,"Western Sichuan, China",earthquake,5.5,1.8,0.054,33,reviewed,us,us
2014-12-02T05:11:31.000Z,6.1572,123.1261,614,6.6,mww,,9,2.6,1.32,us,usb000t20t,2022-05-03T18:20:44.980Z,"106 km WSW of Sangay, Philippines",earthquake,8.6,1.9,,,reviewed,us,us
2014-12-05T18:43:46.290Z,23.3363,100.4736,11,5.6,mww,,20,2.728,0.89,us,usc000t440,2022-05-03T18:20:51.357Z,"129 km SW of Jianshui, China",earthquake,6.5,1.8,,,reviewed,us,us
2014-12-06T10:20:01.520Z,23.3577,100.533,10,5.6,mww,,19,2.673,0.71,us,usc000t48q,2022-07-27T09:47:20.413Z,"123 km SW of Jianshui, China",earthquake,6.1,1.7,,,reviewed,us,us
2014-12-10T21:03:39.260Z,25.5403,122.4503,256,6.1,mww,,10,1.031,0.77,us,usc000t5bu,2022-07-27T10:12:31.893Z,"77 km NE of Jiufen, Taiwan",earthquake,5.3,1.8,,,reviewed,us,us
2014-12-20T09:29:57.490Z,37.4017,141.5534,31.31,5.9,mww,,19,0.765,0.76,us,usc000t8p4,2022-07-27T11:06:41.208Z,"49 km E of Namie, Japan",earthquake,5,2.7,,,reviewed,us,us
2014-12-29T09:29:37.390Z,8.6341,121.5213,8,6.1,mww,,35,4.31,1.17,us,usc000taik,2022-07-27T11:49:45.072Z,"122 km NNW of Siocon, Philippines",earthquake,6.9,1.7,,,reviewed,us,us
2014-12-31T09:26:22.450Z,13.7483,120.6673,110,5.5,mwb,,30,8.78,0.96,us,usc000taxu,2022-07-27T12:08:36.281Z,"10 km SSE of Calatagan, Philippines",earthquake,8.3,1.9,0.05,39,reviewed,us,us
2015-01-10T19:32:00.320Z,14.7709,120.2456,59,5.9,mww,,21,8.042,0.72,us,usc000tejf,2022-08-07T07:20:25.296Z,"5 km NW of Mabayo, Philippines",earthquake,7.4,1,,,reviewed,us,us
2015-02-13T20:06:32.330Z,22.6374,121.427,30,6.2,mww,,14,0.367,1.09,us,usb000tp6y,2022-08-07T07:48:18.738Z,"Taiwan region",earthquake,5.4,3.1,,,reviewed,us,us
2015-02-16T23:06:28.270Z,39.8558,142.8808,23,6.7,mww,,20,1.925,0.94,us,usb000tpvj,2022-07-27T21:32:17.327Z,"83 km ENE of Miyako, Japan",earthquake,3.8,1.8,,,reviewed,us,us
2015-02-17T04:46:38.940Z,40.1095,141.8914,47,5.5,mwb,,40,1.149,0.43,us,usb000tpy8,2022-07-27T21:37:13.757Z,"51 km N of Miyako, Japan",earthquake,5.5,1.9,0.059,28,reviewed,us,us
2015-02-17T16:33:21.280Z,39.5696,143.5829,10,5.5,mww,,58,2.464,0.61,us,usb000tq2a,2022-07-27T21:39:09.061Z,"140 km E of Yamada, Japan",earthquake,6.6,1.8,,,reviewed,us,us
2015-02-20T04:25:23.380Z,39.8244,143.5871,10,6.2,mww,,16,2.212,0.75,us,usc000trsc,2022-07-27T22:17:24.536Z,"142 km E of Miyako, Japan",earthquake,5.8,1.7,,,reviewed,us,us
2015-02-21T10:13:53.290Z,39.8185,143.4861,7,6,mww,,44,2.208,0.55,us,usc000ts49,2022-07-27T22:24:45.873Z,"133 km E of Miyako, Japan",earthquake,6.7,1.7,,,reviewed,us,us
2015-02-24T02:28:54.090Z,39.6546,143.1982,20,5.8,mww,,19,2.238,0.46,us,usc000tski,2022-07-27T22:53:10.524Z,"107 km E of Miyako, Japan",earthquake,6.5,1.8,,,reviewed,us,us
2015-02-25T01:31:41.500Z,6.0816,119.8398,9,5.7,mww,,27,1.609,0.93,us,usc000tszg,2022-05-03T18:22:36.337Z,"81 km WSW of Pandan Niog, Philippines",earthquake,5.4,1.6,,,reviewed,us,us
2015-02-25T07:01:00.930Z,31.0659,141.8201,9,5.9,mww,,34,2.659,1.28,us,usc000tt0x,2022-05-03T18:22:37.510Z,"Izu Islands, Japan region",earthquake,6.9,1.7,,,reviewed,us,us
2015-03-23T10:13:50.880Z,23.7235,121.75,35,5.5,mww,,19,0.47,1.14,us,us10001ps8,2022-07-28T03:47:19.284Z,"Taiwan",earthquake,4.1,1.8,,,reviewed,us,us
2015-04-20T01:42:58.380Z,24.2026,122.3158,29,6.4,mww,,11,0.659,1.26,us,us200027ps,2022-08-07T07:57:54.402Z,"75 km WSW of Yonakuni, Japan",earthquake,6,1.7,,,reviewed,us,us
2015-04-20T11:45:13.440Z,24.0851,122.453,29,6,mww,,12,0.635,0.69,us,us200027rt,2022-07-31T00:13:52.551Z,"69 km SW of Yonakuni, Japan",earthquake,4.3,1.7,,,reviewed,us,us
2015-04-20T12:00:00.070Z,24.0471,122.4532,29,6.1,mww,,26,0.659,0.77,us,us200027ru,2022-07-31T00:14:46.952Z,"72 km SW of Yonakuni, Japan",earthquake,5.5,1.8,,,reviewed,us,us
2015-05-02T16:50:42.990Z,31.5293,140.213,10,5.7,mwc,,73,1.617,1.07,us,us20002avl,2022-05-03T18:24:30.743Z,"Izu Islands, Japan region",earthquake,6.9,1.8,,,reviewed,us,gcmt
2015-05-10T21:25:46.440Z,31.2373,142.0157,6,6,mww,,30,2.644,0.48,us,us20002e96,2022-05-03T18:48:42.515Z,"Izu Islands, Japan region",earthquake,6.3,1.7,,,reviewed,us,us
2015-05-12T21:12:58.890Z,38.9056,142.0317,35,6.8,mww,,8,1.422,0.84,us,us20002et4,2022-08-07T08:01:19.786Z,"32 km SE of ?funato, Japan",earthquake,4.7,1.9,,,reviewed,us,us
2015-05-30T11:23:02.110Z,27.8386,140.4931,664,7.8,mww,,12,1.675,1.12,us,us20002ki3,2022-05-03T17:24:11.194Z,"Bonin Islands, Japan region",earthquake,9.2,1.9,,,reviewed,us,us
2015-05-30T18:49:07.340Z,30.7856,142.9722,6.05,6.2,mww,,12,3.549,0.81,us,us20002kpm,2022-07-31T10:19:26.641Z,"Izu Islands, Japan region",earthquake,6.3,2.5,,,reviewed,us,us
2015-06-04T23:15:43.910Z,5.9867,116.5409,10,6,mww,,20,6.431,1.03,us,us20002m5s,2022-05-03T18:27:24.562Z,"14 km WNW of Ranau, Malaysia",earthquake,5.1,1.6,,,reviewed,us,us
2015-06-08T06:01:08.300Z,41.5615,142.0308,42,6.1,mww,,54,0.956,1.14,us,us20002mvq,2022-07-31T11:50:57.369Z,"74 km ENE of Mutsu, Japan",earthquake,6.8,1.9,,,reviewed,us,us
2015-06-10T08:33:03.780Z,39.6795,143.319,30.96,5.8,mww,,69,2.306,0.98,us,us20002nj8,2022-05-03T17:25:37.937Z,"118 km E of Miyako, Japan",earthquake,6.8,3.8,,,reviewed,us,us
2015-06-11T04:45:29.730Z,39.672,143.331,10.49,5.7,mww,,28,2.318,0.44,us,us20002nwl,2022-05-03T18:49:43.287Z,"119 km E of Miyako, Japan",earthquake,6.5,2.8,,,reviewed,us,us
2015-06-11T04:51:24.140Z,39.608,143.3457,5.72,5.7,mww,,49,2.36,0.47,us,us20002nwm,2022-05-03T18:49:42.026Z,"120 km E of Miyako, Japan",earthquake,6.7,3.2,,,reviewed,us,us
2015-06-23T12:18:30.270Z,27.7375,139.7254,460,6.5,mww,,11,2.277,0.98,us,us10002l37,2022-07-31T14:41:46.908Z,"Bonin Islands, Japan region",earthquake,8.6,1.9,,,reviewed,us,us
2015-06-23T12:19:29.160Z,27.707,139.7745,462.13,5.5,mb,,81,5.39,1.23,us,us20002w0y,2022-05-03T18:49:57.638Z,"Bonin Islands, Japan region",earthquake,9.8,7.6,0.076,60,reviewed,us,us
2015-06-23T12:22:20.410Z,27.6475,140.0686,470.67,5.6,mb,,55,1.96,0.68,us,us20002w0x,2022-05-03T17:27:22.061Z,"Bonin Islands, Japan region",earthquake,10.9,8.5,0.075,62,reviewed,us,us
2015-07-03T06:43:21.540Z,10.1691,125.8907,32,6.1,mww,,19,3.095,1.03,us,us10002n6s,2022-07-31T16:33:59.761Z,"23 km NW of Santa Monica, Philippines",earthquake,7.2,1.8,,,reviewed,us,us
2015-07-09T18:32:51.220Z,40.3631,141.4646,81,5.5,mww,,15,0.735,0.86,us,us20002wd2,2022-07-31T17:38:08.741Z,"15 km S of Hachinohe, Japan",earthquake,6,1.8,,,reviewed,us,us
2015-07-12T17:52:06.170Z,33.0229,131.7493,53,5.5,mww,,57,0.739,0.95,us,us20002wz9,2022-07-31T18:03:58.225Z,"12 km SSW of Usuki, Japan",earthquake,5.7,1.9,,,reviewed,us,us
2015-08-13T14:08:00.070Z,23.9689,122.4897,17.32,5.6,mww,,81,0.687,0.97,us,us100031xw,2022-07-31T23:55:17.479Z,"75 km SW of Yonakuni, Japan",earthquake,4.4,2.7,,,reviewed,us,us
2015-09-01T15:24:08.540Z,31.2841,141.7062,10,5.6,mb,,25,2.43,0.74,us,us20003fe2,2022-05-03T17:29:07.281Z,"Izu Islands, Japan region",earthquake,6.6,1.8,0.029,410,reviewed,us,us
2015-09-01T15:25:09.520Z,31.1806,141.6,8,6,mww,,19,2.452,0.8,us,us20003feg,2022-05-03T17:36:48.900Z,"Izu Islands, Japan region",earthquake,8.2,1.7,,,reviewed,us,us
2015-10-19T13:50:41.620Z,13.8654,120.6172,106,5.8,mww,,28,8.33,0.97,us,us10003pnb,2022-08-01T12:24:42.970Z,"2 km W of Balitoc, Philippines",earthquake,7.5,1.8,,,reviewed,us,us
2015-10-20T09:29:08.790Z,27.0743,140.2123,304,5.7,mww,,18,1.758,1.05,us,us10003pv2,2022-05-03T19:05:01.523Z,"",earthquake,7,1.8,,,reviewed,us,us
2015-11-01T21:09:40.750Z,22.7548,121.6561,7,5.5,mww,,39,0.535,0.99,us,us2000417s,2022-08-01T15:13:44.943Z,"125 km NE of Hengchun, Taiwan",earthquake,5.4,1.8,,,reviewed,us,us
2015-11-07T19:40:13.550Z,16.4895,119.8464,37,5.5,mww,,27,6.401,0.84,us,us10003vl4,2022-08-01T16:35:06.714Z,"11 km NW of Binabalian, Philippines",earthquake,6.9,1.8,,,reviewed,us,us
2015-11-13T20:51:31.030Z,31.0009,128.8729,12,6.7,mww,,17,1.444,1.25,us,us10003y71,2022-08-01T17:43:30.585Z,"140 km WSW of Makurazaki, Japan",earthquake,5.9,1.7,,,reviewed,us,us
2015-11-14T19:20:21.390Z,31.4417,128.8428,10,5.7,mww,,22,1.377,0.76,us,us10003ydz,2022-08-01T17:48:25.698Z,"138 km WSW of Kushikino, Japan",earthquake,5.8,1.7,,,reviewed,us,us
2015-11-20T05:31:52.490Z,26.3565,142.6429,14,5.8,mww,,44,0.842,0.9,us,us10003zrf,2022-05-03T19:05:57.896Z,"Bonin Islands, Japan region",earthquake,2.9,1.8,,,reviewed,us,us
2015-11-28T02:51:07.830Z,43.3856,146.4353,69,5.6,mww,,18,2.777,0.87,us,us100041u7,2022-08-01T20:45:32.130Z,"51 km SSW of Shikotan, Russia",earthquake,7.5,1.8,,,reviewed,us,us
2016-01-02T04:22:19.570Z,44.8069,129.9406,585.47,5.8,mww,,12,0.311,0.89,us,us10004atb,2022-08-02T02:21:30.587Z,"21 km ENE of Chaihe, China",earthquake,8.1,3.6,,,reviewed,us,us
2016-01-03T23:05:22.270Z,24.8036,93.6505,55,6.7,mww,,16,1.794,1.01,us,us10004b2n,2022-05-03T19:18:48.489Z,"29 km W of Imph?l, India",earthquake,4.5,1.8,,,reviewed,us,us
2016-01-05T02:21:11.340Z,30.6132,132.7337,4.71,5.8,mww,,29,2.151,0.48,us,us10004ben,2022-08-02T02:57:07.357Z,"166 km E of Nishinoomote, Japan",earthquake,2,3.2,,,reviewed,us,us
2016-01-05T21:59:50.150Z,22.0669,143.6108,158,5.7,mww,,9,5.172,0.9,us,us10004bm0,2022-05-03T19:06:51.404Z,"Volcano Islands, Japan region",earthquake,7.8,1.8,,,reviewed,us,us
2016-01-11T17:08:03.920Z,44.4761,141.0867,238.81,6.2,mww,,33,1.139,0.96,us,us10004djn,2022-08-07T08:48:04.480Z,"74 km NW of Rumoi, Japan",earthquake,6.9,4.1,,,reviewed,us,us
2016-01-14T03:25:33.640Z,41.9723,142.781,46,6.7,mww,,22,0.281,0.98,us,us10004ebx,2022-08-02T05:06:24.448Z,"52 km SE of Shizunai-furukawach?, Japan",earthquake,6.2,1.9,,,reviewed,us,us
2016-01-14T13:14:49.150Z,9.6862,126.3095,35,5.6,mww,,46,2.698,1.27,us,us10004ehj,2022-08-07T08:52:23.796Z,"23 km ESE of Union, Philippines",earthquake,8.3,1.9,,,reviewed,us,us
2016-01-19T02:13:27.240Z,22.8626,121.3206,27.1,5.6,mww,,48,0.226,0.82,us,us10004fhj,2022-08-02T05:56:22.430Z,"92 km ESE of Yujing, Taiwan",earthquake,5.1,3.8,,,reviewed,us,us
2016-01-20T17:13:13.650Z,37.6709,101.6409,9,5.9,mww,,10,9.84,0.88,us,us10004fv5,2022-08-02T06:16:08.651Z,"91 km WSW of Wuwei, China",earthquake,7.1,1.6,,,reviewed,us,us
2016-02-02T14:19:23.030Z,25.5745,123.4476,196,5.7,mww,,28,1.171,0.84,us,us20004wk0,2022-08-07T09:15:21.833Z,"130 km NNE of Yonakuni, Japan",earthquake,6.6,1.8,,,reviewed,us,us
2016-02-05T19:57:27.380Z,22.9375,120.6014,23,6.4,mww,,14,0.362,1.19,us,us20004y6h,2022-05-03T19:07:21.554Z,"25 km SE of Yujing, Taiwan",earthquake,4.2,1.7,,,reviewed,us,us
2016-02-14T18:09:26.290Z,30.2966,138.8823,410,5.7,mww,,29,2.92,0.99,us,us2000505t,2022-08-02T09:57:26.262Z,"Izu Islands, Japan region",earthquake,8,1.9,,,reviewed,us,us
2016-02-21T21:26:42.290Z,24.5533,142.4073,21,5.6,mww,,14,2.539,0.94,us,us10004rkg,2022-05-03T19:07:38.312Z,"Volcano Islands, Japan region",earthquake,7.3,1.8,,,reviewed,us,us
2016-03-14T07:03:17.710Z,29.8888,128.9567,210.5,5.5,mww,,12,2.066,0.89,us,us10004xbb,2022-08-02T14:27:35.425Z,"147 km WSW of Kurio, Japan",earthquake,6.7,1.8,,,reviewed,us,us
2016-04-01T02:39:08.050Z,33.3807,136.3901,14,5.9,mww,,27,2.034,0.73,us,us20005du0,2022-08-07T10:42:07.564Z,"54 km SE of Shing?, Japan",earthquake,5.3,0.8,,,reviewed,us,us
2016-04-13T13:55:17.800Z,23.0944,94.8654,136,6.9,mww,,14,3.001,1.03,us,us20005hqz,2022-05-03T18:51:09.920Z,"76 km SE of Mawlaik, Myanmar",earthquake,7.1,1.8,,,reviewed,us,us
2016-04-13T18:21:52.730Z,7.7917,122.0231,17,6,mww,,19,3.598,0.93,us,us20005hux,2022-05-03T18:51:03.806Z,"15 km NW of Siocon, Philippines",earthquake,3.3,1.6,,,reviewed,us,us
2016-04-14T12:26:35.730Z,32.788,130.7042,9,6.2,mww,,18,0.366,1.14,us,us20005hzn,2022-05-03T19:34:19.447Z,"2 km SSE of Kumamoto, Japan",earthquake,4.6,1.7,,,reviewed,us,us
2016-04-14T15:03:47.240Z,32.6973,130.7204,8,6,mww,,32,0.446,0.86,us,us20005i1a,2022-05-03T19:34:24.135Z,"5 km ENE of Uto, Japan",earthquake,3.9,1.7,,,reviewed,us,us
2016-04-15T16:25:06.220Z,32.7906,130.7543,10,7,mww,,32,0.349,0.85,us,us20005iis,2022-12-23T11:51:30.843Z,"6 km ESE of Kumamoto, Japan",earthquake,4.9,1.7,,,reviewed,us,us
2016-04-15T16:45:56.680Z,32.9241,130.8091,10,5.7,mww,,61,0.208,1.23,us,us20005ija,2022-05-03T18:12:16.372Z,"6 km S of Kikuchi, Japan",earthquake,5.4,0.9,,,reviewed,us,us
2016-04-15T18:55:53.500Z,33.0051,131.1569,13.22,5.5,mwr,,19,0.263,0.87,us,us20005inz,2022-08-02T18:32:15.534Z,"10 km NE of Aso, Japan",earthquake,4.7,3.2,0.098,10,reviewed,us,us
2016-04-18T11:42:00.220Z,33.0143,131.0991,10.46,5.5,mww,,52,0.217,0.91,us,us20005jgz,2022-05-03T17:44:38.672Z,"8 km NNE of Aso, Japan",earthquake,5.9,3.2,,,reviewed,us,us
2016-04-20T12:19:43.950Z,37.8013,141.6216,33.11,5.9,mww,,41,0.662,0.8,us,us20005k66,2022-05-03T17:44:51.595Z,"65 km ENE of Namie, Japan",earthquake,5.3,3.5,,,reviewed,us,us
2016-04-27T15:17:14.440Z,24.2309,121.8009,13,5.5,mww,,29,0.196,0.83,us,us10005bxy,2022-05-03T17:45:57.237Z,"34 km NE of Hualien City, Taiwan",earthquake,5.1,1.6,,,reviewed,us,us
2016-05-03T00:00:51.680Z,43.6954,147.5063,61,5.7,mww,,20,3.575,0.71,us,us10005d6s,2022-05-03T18:52:06.290Z,"64 km E of Shikotan, Russia",earthquake,6.8,1.8,,,reviewed,us,us
2016-05-12T03:17:15.070Z,24.6953,121.9839,8,5.8,mww,,25,0.521,1,us,us10005gpt,2022-05-03T17:48:41.241Z,"24 km ESE of Yilan, Taiwan",earthquake,4.6,1.7,,,reviewed,us,us
2016-05-12T04:29:55.800Z,24.6833,122.0531,9,5.7,mww,,26,0.582,0.91,us,us10005gq4,2022-05-03T18:52:10.798Z,"31 km ESE of Yilan, Taiwan",earthquake,5.3,1.2,,,reviewed,us,us
2016-05-21T06:06:42.150Z,30.9561,140.0808,124.52,5.5,mww,,62,2.164,1.17,us,us10005j3l,2022-05-03T17:48:58.091Z,"Izu Islands, Japan region",earthquake,7.4,5.1,,,reviewed,us,us
2016-05-27T03:44:29.470Z,26.9924,130.1374,10,5.9,mww,,22,1.672,0.83,us,us20005yd1,2022-05-03T17:49:03.976Z,"165 km SSE of Naze, Japan",earthquake,6.4,1.7,,,reviewed,us,us
2016-05-27T03:46:51.150Z,27.6887,128.5829,10,5.5,mb,,152,0.893,0.92,us,us20005ydi,2022-05-12T18:43:25.962Z,"116 km SW of Naze, Japan",earthquake,8.5,1.9,0.067,76,reviewed,us,us
2016-05-31T05:23:47.310Z,25.5615,122.5458,246.4,6.4,mww,,16,1.115,0.97,us,us20005zay,2022-05-03T18:52:41.556Z,"Taiwan region",earthquake,7.3,3.6,,,reviewed,us,us
2016-06-13T04:21:43.530Z,27.0107,130.1996,10,5.6,mww,,18,1.729,1.07,us,us2000641d,2022-05-03T17:50:04.091Z,"166 km SSE of Naze, Japan",earthquake,6,1.8,,,reviewed,us,us
2016-06-14T15:01:56.850Z,26.9601,130.1941,5.39,5.6,mww,,61,1.72,0.58,us,us200064bj,2022-08-03T01:48:35.954Z,"170 km SSE of Naze, Japan",earthquake,5.7,3.2,,,reviewed,us,us
2016-06-19T18:20:50.450Z,20.1726,121.3782,16,5.6,mww,,24,2.646,0.95,us,us200065ep,2022-05-03T17:50:42.399Z,"68 km WSW of Basco, Philippines",earthquake,5.9,1.7,,,reviewed,us,us
2016-06-23T21:05:30.640Z,23.694,123.3704,10,5.8,mww,,18,0.836,1,us,us200066bv,2022-05-12T18:48:31.478Z,"93 km SSE of Yonakuni, Japan",earthquake,5.7,1.7,,,reviewed,us,us
2016-06-26T22:57:06.150Z,36.9968,142.2226,12.82,5.7,mww,,52,1.434,0.86,us,us2000671z,2022-05-03T17:51:53.897Z,"119 km E of Iwaki, Japan",earthquake,5.9,2.8,,,reviewed,us,us
2016-08-04T16:24:33.530Z,24.9447,142.0141,510,6.3,mww,,13,2.147,0.77,us,us10006a2k,2022-05-03T18:53:51.161Z,"Volcano Islands, Japan region",earthquake,8,1.9,,,reviewed,us,us
2016-08-15T07:04:41.020Z,37.4115,141.7203,33,5.6,mww,,13,0.868,0.97,us,us10006dvd,2022-05-03T17:57:28.461Z,"64 km E of Namie, Japan",earthquake,6,1.7,,,reviewed,us,us
2016-08-20T09:01:26.210Z,40.3942,143.6796,10,6,mww,,36,1.666,0.59,us,us10006fdp,2022-05-03T17:57:37.849Z,"170 km ENE of Miyako, Japan",earthquake,6.9,1.8,,,reviewed,us,us
2016-08-20T15:58:04.590Z,40.3135,143.7281,11,5.8,mww,,106,1.753,0.89,us,us10006ffg,2022-05-03T17:57:39.047Z,"169 km ENE of Miyako, Japan",earthquake,5.2,1.8,,,reviewed,us,us
2016-08-22T09:33:07.800Z,29.8814,139.1356,391,5.6,mww,,34,3.275,1.15,us,us10006fq7,2022-05-03T17:57:45.582Z,"Izu Islands, Japan region",earthquake,8.3,1.9,,,reviewed,us,us
2016-08-24T10:34:54.580Z,20.9228,94.569,82,6.8,mww,,17,1.802,1.05,us,us10006gbf,2022-05-03T18:54:25.288Z,"26 km W of Chauk, Myanmar",earthquake,5.9,1.9,,,reviewed,us,us
2016-08-25T17:04:43.270Z,30.6141,137.8537,456,5.9,mww,,47,2.988,0.73,us,us20006ty8,2022-05-03T18:54:26.371Z,"Izu Islands, Japan region",earthquake,4.3,1.9,,,reviewed,us,us
2016-09-04T02:38:12.430Z,8.3989,125.8874,16,5.8,mww,,14,1.355,0.94,us,us10006k8f,2022-05-03T18:54:55.473Z,"7 km SE of Causwagan, Philippines",earthquake,6.9,1.6,,,reviewed,us,us
2016-09-20T16:21:16.550Z,30.5017,142.0478,9,6.1,mww,,19,3.225,0.49,us,us10006r42,2022-05-03T18:55:08.471Z,"Izu Islands, Japan region",earthquake,4.2,1.6,,,reviewed,us,us
2016-09-23T00:14:34.700Z,34.4619,141.6368,10,6.2,mww,,17,1.376,0.83,us,us10006rte,2022-05-03T18:55:17.930Z,"142 km ESE of Katsuura, Japan",earthquake,6,1.7,,,reviewed,us,us
2016-09-23T22:53:10.400Z,6.5717,126.4918,65,6.3,mww,,13,1.032,0.93,us,us10006s4v,2022-05-03T18:00:17.873Z,"36 km SE of Tamisan, Philippines",earthquake,2.3,1.8,,,reviewed,us,us
2016-09-26T05:19:58.220Z,27.4646,128.578,38,5.7,mww,,28,0.682,0.93,us,us10006sp7,2022-05-03T18:00:33.302Z,"110 km NNE of Nago, Japan",earthquake,2.4,1.8,,,reviewed,us,us
2016-10-04T14:00:47.100Z,27.8519,141.9442,35,5.7,mww,,16,0.783,0.85,us,usd0007jx3,2022-05-03T18:55:27.412Z,"Bonin Islands, Japan region",earthquake,6.4,1.9,,35,reviewed,us,us
2016-10-06T15:51:59.200Z,22.6258,121.436,14,5.8,mww,,18,0.38,1.09,us,us20007ccf,2022-05-03T18:55:28.844Z,"99 km NE of Hengchun, Taiwan",earthquake,4.2,1.6,,,reviewed,us,us
2016-10-17T07:14:50.870Z,32.8959,94.8768,35,5.9,mww,,11,4.519,0.82,us,us20007eqh,2022-05-03T18:01:59.791Z,"Xizang-Qinghai border region",earthquake,4.6,1.7,,,reviewed,us,us
2016-10-20T06:25:55.980Z,22.2432,143.7548,104.46,5.6,mww,,13,5.037,0.87,us,us20007fj2,2022-05-03T18:55:39.614Z,"Volcano Islands, Japan region",earthquake,8.2,3.6,,,reviewed,us,us
2016-10-21T05:07:22.990Z,35.3743,133.8092,5.63,6.2,mww,,23,0.68,0.75,us,us20007fta,2023-02-08T23:44:57.663Z,"6 km S of Kurayoshi, Japan",earthquake,4.3,3.3,,,reviewed,us,us
2016-11-11T21:42:59.650Z,38.4973,141.5658,42.4,6.1,mww,,22,0.876,1.05,us,us1000770m,2022-05-03T19:47:15.548Z,"24 km ENE of Ishinomaki, Japan",earthquake,5.9,3.5,,,reviewed,us,us
2016-11-21T20:59:49.270Z,37.3931,141.387,9,6.9,mww,,10,0.671,0.77,us,us10007b88,2022-10-24T18:57:34.065Z,"35 km ESE of Namie, Japan",earthquake,5.2,1.7,,,reviewed,us,us
2016-11-23T09:59:57.210Z,27.1773,140.025,481,5.8,mww,,18,1.926,0.75,us,us10007br5,2022-05-03T19:49:47.034Z,"Bonin Islands, Japan region",earthquake,8.9,1.9,,,reviewed,us,us
2016-11-23T21:23:36.900Z,37.2143,141.3209,9,5.9,mww,,28,0.778,0.82,us,us10007bwb,2022-05-03T19:49:48.715Z,"41 km SE of Namie, Japan",earthquake,4.7,1.7,,,reviewed,us,us
2016-12-14T02:01:22.810Z,21.2897,144.4037,22.37,6,mww,,18,6.124,1.01,us,us200080m3,2022-05-03T18:05:45.093Z,"Mariana Islands region",earthquake,7.3,1.8,,,reviewed,us,us
2016-12-14T21:14:55.870Z,21.3697,144.2175,10,5.5,mww,,18,5.994,0.74,us,us200080td,2022-05-03T18:56:24.083Z,"Mariana Islands region",earthquake,8.2,1.7,,,reviewed,us,us
2016-12-21T16:43:56.770Z,21.5138,145.4081,8,5.9,mww,,21,6.249,0.86,us,us10007lqe,2022-05-03T19:41:06.008Z,"Mariana Islands region",earthquake,7,1,,,reviewed,us,us
2016-12-28T12:38:49.650Z,36.8604,140.4421,7,5.9,mww,,33,1.044,0.91,us,us10007naf,2022-05-03T18:56:40.398Z,"13 km NE of Daigo, Japan",earthquake,4.6,1.7,,,reviewed,us,us
2017-01-03T09:09:02.080Z,24.0151,92.0177,32,5.7,mww,,20,1.375,0.86,us,us10007pfk,2022-05-03T18:56:46.324Z,"18 km ENE of ?mb?sa, India",earthquake,6.7,1.8,0.071,19,reviewed,us,us
2017-02-10T14:03:43.920Z,9.9071,125.4516,15,6.5,mww,,36,2.822,0.95,us,us20008ixa,2023-04-16T08:12:51.286Z,"11 km N of Mabua, Philippines",earthquake,5.2,1.7,,,reviewed,us,us
2017-02-28T07:49:02.860Z,37.5666,141.3347,47,5.7,mww,,52,0.527,1.03,us,us20008mw4,2022-05-03T18:11:42.417Z,"30 km ENE of Namie, Japan",earthquake,6.8,1.8,0.049,40,reviewed,us,us
2017-03-05T00:08:18.010Z,9.8311,125.4961,10.51,5.7,mww,,76,2.745,0.74,us,us1000870s,2022-05-03T18:12:00.780Z,"4 km N of Surigao, Philippines",earthquake,7.4,3.3,,,reviewed,us,us
2017-03-07T16:08:19.040Z,41.5149,141.9022,56,5.7,mww,,108,0.961,0.56,us,us100087h5,2022-05-03T19:53:21.852Z,"62 km ENE of Mutsu, Japan",earthquake,6.8,1.9,,,reviewed,us,us
2017-04-08T07:07:56.660Z,13.7049,120.9305,10.22,5.5,mww,,35,0.395,0.72,us,us10008fsc,2022-05-03T19:53:43.933Z,"3 km S of Talaga, Philippines",earthquake,7.3,3.9,0.086,13,reviewed,us,us
2017-04-08T07:09:23.180Z,13.7701,120.9354,14.26,5.9,mww,,50,8.073,0.78,us,us10008fsd,2022-05-03T18:29:45.263Z,"1 km NNW of Mabini, Philippines",earthquake,7.6,3.7,0.068,21,reviewed,us,us
2017-04-10T00:43:54.580Z,13.0426,125.3617,10,5.7,mww,,11,4.429,0.98,us,us10008g4x,2022-05-03T18:15:34.694Z,"54 km NE of Cabodiongan, Philippines",earthquake,4.9,1.7,0.057,30,reviewed,us,us
2017-04-11T21:21:00.860Z,7.6766,124.8119,8.28,5.8,mww,,22,0.97,0.61,us,us10008gsq,2022-05-03T18:15:38.100Z,"8 km N of Osias, Philippines",earthquake,5.8,3,0.066,22,reviewed,us,us
2017-04-12T20:01:05.640Z,7.7228,124.8623,10,5.5,mww,,34,0.962,1.03,us,us10008h1u,2022-05-03T18:15:39.269Z,"9 km S of Adtugan, Philippines",earthquake,6.5,1.7,0.073,18,reviewed,us,us
2017-04-29T12:32:34.130Z,30.815,131.4147,31,5.7,mww,,28,1.076,0.83,us,us10008m0g,2022-05-03T18:25:29.848Z,"40 km ENE of Nishinoomote, Japan",earthquake,5.6,1.7,0.036,75,reviewed,us,us
2017-05-09T01:54:14.550Z,24.45,126.3174,10,6,mww,,42,2.959,0.83,us,us10008qnw,2022-05-03T18:26:44.563Z,"110 km ESE of Hirara, Japan",earthquake,6,1.7,0.039,62,reviewed,us,us
2017-05-15T07:05:36.120Z,27.2254,130.0442,10,5.5,mww,,12,1.627,0.94,us,us10008si3,2022-05-03T18:59:25.308Z,"138 km SSE of Naze, Japan",earthquake,6.3,1.7,0.047,44,reviewed,us,us
2017-05-20T01:06:14.250Z,9.3818,123.9537,533,6,mww,,28,2.804,0.99,us,us10008tp0,2022-05-03T18:42:48.074Z,"25 km S of Alburquerque, Philippines",earthquake,8,1.9,0.042,55,reviewed,us,us
2017-07-06T08:03:57.550Z,11.1269,124.6286,9,6.5,mww,,30,4.139,0.65,us,us1000976a,2022-05-03T18:42:55.086Z,"2 km S of Lim-oo, Philippines",earthquake,6.9,1.8,0.047,44,reviewed,us,us
2017-07-10T01:41:48.220Z,10.9893,124.784,7.1,5.8,mww,,35,3.973,0.9,us,us100098gc,2022-05-03T18:59:55.343Z,"5 km NW of San Pedro, Philippines",earthquake,7.5,2.2,0.061,26,reviewed,us,us
2017-07-12T19:48:07.810Z,40.8551,131.6637,545,5.9,mww,,25,3.35,1.02,us,us20009vsi,2022-05-03T18:33:31.530Z,"179 km ESE of Hoemul-li, North Korea",earthquake,8,1.9,0.045,48,reviewed,us,us
2017-07-20T00:11:24.830Z,37.417,141.5859,31,5.8,mww,,39,0.776,0.7,us,us20009yb7,2022-08-07T12:18:39.641Z,"52 km E of Namie, Japan",earthquake,5.8,1.8,0.063,24,reviewed,us,us
2017-07-23T15:35:40.930Z,40.0387,143.4878,10,5.6,mww,,101,1.99,0.65,us,us2000a02t,2022-08-07T12:40:14.344Z,"139 km ENE of Miyako, Japan",earthquake,5.9,1.8,0.086,13,reviewed,us,us
2017-07-26T10:32:57.430Z,26.8975,130.1836,12,6,mww,,24,1.422,0.71,us,us2000a18e,2022-08-07T12:58:52.186Z,"176 km SSE of Naze, Japan",earthquake,4.7,1.6,0.046,46,reviewed,us,us
2017-08-05T00:30:41.230Z,6.1147,125.415,76,5.8,mww,,15,0.962,0.86,us,us2000a4zc,2023-04-16T08:10:46.196Z,"Mindanao, Philippines",earthquake,6.7,1.8,0.054,33,reviewed,us,us
2017-08-08T13:19:49.540Z,33.1926,103.8552,9,6.5,mww,,22,11.411,0.77,us,us2000a5x1,2022-11-05T13:22:20.674Z,"168 km SW of Mawu, China",earthquake,4.3,1.7,0.043,52,reviewed,us,us
2017-08-11T05:28:25.790Z,14.0065,120.7391,172,6.2,mww,,17,0.214,0.81,us,us2000a77i,2022-08-07T14:27:26.455Z,"1 km SE of Tuy, Philippines",earthquake,6.6,1.9,0.045,47,reviewed,us,us
2017-08-16T12:51:25.870Z,28.6737,127.9007,198,5.7,mww,,29,1.86,1.14,us,us2000a8qf,2022-08-07T14:55:15.987Z,"158 km WNW of Naze, Japan",earthquake,4.8,1.9,0.046,45,reviewed,us,us
2017-09-07T17:26:49.320Z,27.7829,139.8041,451,6.1,mww,,20,2.223,1.15,us,us2000ahlq,2022-08-07T16:43:34.777Z,"Bonin Islands, Japan region",earthquake,9.1,1.9,0.052,36,reviewed,us,us
2017-09-10T08:44:24.540Z,41.7813,142.8932,45,5.5,mww,,73,0.305,0.91,us,us2000aj8s,2022-08-07T17:00:28.374Z,"75 km SE of Shizunai-furukawach?, Japan",earthquake,5.5,1.8,0.065,23,reviewed,us,us
2017-09-11T17:35:09.620Z,23.9529,142.3373,35,5.7,mww,,19,3.132,1.1,us,us2000ak7u,2022-05-03T18:36:31.489Z,"Volcano Islands, Japan region",earthquake,7.2,1.9,0.063,24,reviewed,us,us
2017-09-20T16:37:16.360Z,37.9814,144.6601,11,6.1,mww,,18,3.062,0.78,us,us2000arxv,2022-05-03T18:37:19.819Z,"282 km ESE of Kamaishi, Japan",earthquake,6.9,1.5,0.047,44,reviewed,us,us
2017-09-23T20:47:06.760Z,7.5618,124.7428,8.18,5.7,mww,,41,0.962,0.75,us,us2000atpb,2022-08-07T18:29:30.736Z,"3 km E of Malinao, Philippines",earthquake,6.5,3.4,0.062,25,reviewed,us,us
2017-09-26T20:22:11.640Z,40.335,142.3424,37,5.8,mww,,15,1.074,0.71,us,us2000av31,2022-08-07T18:45:40.439Z,"73 km ESE of Hachinohe, Japan",earthquake,5.7,1.8,0.065,23,reviewed,us,us
2017-09-28T11:29:45.700Z,28.7941,140.5324,10,5.5,mww,,27,2.235,1.01,us,us2000avvw,2022-05-03T19:59:50.140Z,"Bonin Islands, Japan region",earthquake,6.7,1.8,0.066,22,reviewed,us,us
2017-10-06T07:59:32.880Z,37.5033,144.0201,9,6.2,mww,,32,2.588,0.88,us,us2000b1v8,2022-05-03T19:00:56.520Z,"259 km ESE of Ishinomaki, Japan",earthquake,4.5,1.7,0.053,34,reviewed,us,us
2017-10-06T14:56:41.300Z,37.0959,141.0771,44,5.6,mww,,40,0.804,1.09,us,us2000b20f,2022-08-07T19:29:45.729Z,"17 km ENE of Iwaki, Japan",earthquake,4.7,1.8,0.069,20,reviewed,us,us
2017-10-19T09:02:02.240Z,28.3183,131.2108,14,5.9,mww,,25,2.488,0.7,us,us1000au13,2022-05-03T20:02:20.660Z,"169 km E of Naze, Japan",earthquake,5.9,1.7,0.047,44,reviewed,us,us
2017-11-09T07:42:11.020Z,32.5208,141.438,12,6,mww,,57,1.49,0.71,us,us2000bkrv,2022-05-03T19:01:33.347Z,"Izu Islands, Japan region",earthquake,7,1.8,0.058,29,reviewed,us,us
2017-11-12T22:24:06.840Z,37.9353,144.9308,10.2,5.9,mww,,60,3.276,0.48,us,us2000bmfd,2022-05-03T18:39:57.996Z,"off the east coast of Honshu, Japan",earthquake,7.5,3.5,0.062,25,reviewed,us,us
2017-11-15T05:29:32.820Z,36.0735,129.28,10,5.5,mww,,26,1.545,0.71,us,us2000bnrs,2023-03-12T07:51:44.841Z,"7 km SW of Heunghae, South Korea",earthquake,4.5,0.8,0.069,20,reviewed,us,us
2017-11-16T09:43:33.860Z,32.2203,140.5499,59,5.8,mww,,31,1.087,1.29,us,us2000bpkq,2022-05-03T19:01:36.508Z,"Izu Islands, Japan region",earthquake,6.5,1.9,0.058,29,reviewed,us,us
2017-11-17T22:34:19.450Z,29.8333,94.9838,8,6.4,mww,,13,3.355,0.76,us,us2000bqsn,2022-05-03T20:02:37.973Z,"156 km NNE of Shi Yomi, India",earthquake,7,1.7,0.043,52,reviewed,us,us
2017-11-23T18:02:35.850Z,27.1381,130.3582,11,5.5,mww,,44,1.525,1.17,us,us2000btkn,2022-05-03T19:53:42.098Z,"161 km SSE of Naze, Japan",earthquake,5.6,1.8,0.049,40,reviewed,us,us
2017-11-29T22:32:22.920Z,45.2018,146.3012,9.61,5.5,mww,,50,2.859,0.6,us,us1000bj3n,2022-05-03T18:41:14.534Z,"123 km W of Kuril’sk, Russia",earthquake,4,2.7,0.062,25,reviewed,us,us
2017-12-20T13:40:54.570Z,30.6154,132.0779,10,5.5,mww,,42,2.702,0.7,us,us1000btna,2022-05-03T19:01:55.209Z,"104 km E of Nishinoomote, Japan",earthquake,6.4,1.8,0.044,49,reviewed,us,us
2017-12-21T03:00:18.550Z,29.2899,142.6475,10,5.8,mww,,26,2.223,0.62,us,us1000bu46,2022-05-03T19:44:37.932Z,"Izu Islands, Japan region",earthquake,7.6,1.7,0.052,36,reviewed,us,us
2018-01-03T21:30:21.940Z,29.6374,140.5205,9.46,5.5,mww,,18,2.926,1.05,us,us1000bzhb,2018-03-23T23:16:49.040Z,"Izu Islands, Japan region",earthquake,6.7,3.1,0.052,36,reviewed,us,us
2018-01-07T06:47:15.780Z,24.7382,94.9055,33,5.6,mww,,17,0.748,0.63,us,us1000c1my,2022-08-07T22:50:54.685Z,"86 km E of W?ngjing, India",earthquake,6.2,1.8,0.054,33,reviewed,us,us
2018-01-11T18:26:24.240Z,18.3719,96.0717,9,6,mww,,29,2.759,1.01,us,us2000cifa,2022-05-03T20:00:07.010Z,"40 km WSW of Pyu, Myanmar",earthquake,6.3,1.8,0.052,35,reviewed,us,us
2018-01-24T10:51:19.090Z,41.1034,142.4323,31,6.3,mww,,51,1.061,0.88,us,us2000cnnl,2022-05-03T20:03:04.447Z,"99 km ENE of Misawa, Japan",earthquake,6.3,1.8,0.06,27,reviewed,us,us
2018-02-04T13:56:41.950Z,24.1572,121.7078,12,6.1,mww,,30,0.104,0.87,us,us1000cfn6,2022-05-03T19:02:50.693Z,"22 km NNE of Hualien City, Taiwan",earthquake,5.5,1.7,0.047,43,reviewed,us,us
2018-02-04T14:13:12.140Z,24.1256,121.7641,9.14,5.5,mww,,75,0.162,0.56,us,us1000cfnf,2022-05-03T19:53:54.248Z,"23 km NE of Hualien City, Taiwan",earthquake,5.2,3.5,0.073,18,reviewed,us,us
2018-02-06T15:50:43.320Z,24.1338,121.6586,17,6.4,mww,,34,0.07,0.91,us,us1000chhc,2022-05-03T19:56:29.191Z,"18 km NNE of Hualien City, Taiwan",earthquake,3.9,1.7,0.047,44,reviewed,us,us
2018-02-07T15:21:31.710Z,24.0739,121.7386,15,5.7,mww,,40,0.164,1.04,us,us1000ci9y,2022-05-03T19:02:52.067Z,"17 km NE of Hualien City, Taiwan",earthquake,4,1.7,0.055,32,reviewed,us,us
2018-02-25T16:28:39.540Z,37.5968,141.7329,30.57,5.6,mww,,60,0.795,0.66,us,us2000d7pu,2022-05-03T20:04:01.574Z,"65 km E of Namie, Japan",earthquake,6,3.2,0.071,19,reviewed,us,us
2018-03-25T14:37:23.170Z,32.5916,140.6901,50,5.7,mww,,29,0.903,0.9,us,us1000d8vk,2022-05-03T18:50:50.365Z,"276 km SSE of Tateyama, Japan",earthquake,7.6,1.9,0.053,34,reviewed,us,us
2018-04-05T03:53:38.410Z,6.8325,126.7785,34,6,mww,,17,1.213,0.82,us,us2000dus5,2022-05-03T19:09:21.874Z,"43 km ESE of Tarragona, Philippines",earthquake,7.3,1.8,0.06,27,reviewed,us,us
2018-04-08T16:32:31.520Z,35.2588,132.5528,10.34,5.7,mww,,36,1.875,0.74,us,us2000dwh6,2022-05-03T20:04:09.031Z,"8 km NNE of ?dach?-?da, Japan",earthquake,5.6,3.3,0.062,25,reviewed,us,us
2018-04-24T08:53:21.860Z,43.3482,145.7259,83,5.5,mww,,81,2.315,0.8,us,us1000dr71,2022-08-08T02:33:22.645Z,"12 km ENE of Nemuro, Japan",earthquake,6.2,1.9,0.057,30,reviewed,us,us
2018-05-05T06:19:05.040Z,14.5708,123.9192,18,6.1,mww,,21,2.928,0.98,us,us1000dym9,2022-05-03T19:11:28.224Z,"64 km NNW of Pandan, Philippines",earthquake,4.4,1.8,0.055,32,reviewed,us,us
2018-05-10T11:56:59.150Z,10.1723,125.6372,29,5.7,mww,,33,3.083,1.16,us,us1000e1yr,2022-08-08T03:21:51.940Z,"19 km SSE of Tubajon, Philippines",earthquake,6.9,1.9,0.073,18,reviewed,us,us
2018-05-10T18:02:28.960Z,6.8698,123.762,535,5.9,mww,,22,1.814,1.18,us,us1000e26e,2022-05-03T19:12:41.015Z,"29 km WNW of Gadung, Philippines",earthquake,7.8,1.9,0.038,66,reviewed,us,us
2018-05-17T18:42:13.240Z,42.6846,145.586,30,5.7,mww,,48,1.92,0.86,us,us1000e7fh,2022-05-03T19:13:27.802Z,"70 km S of Nemuro, Japan",earthquake,6.9,1.8,0.057,30,reviewed,us,us
2018-06-17T22:58:34.770Z,34.8246,135.6389,10.34,5.5,mww,,22,1.254,0.7,us,us1000eu1c,2022-05-03T19:19:25.156Z,"near the south coast of western Honshu, Japan",earthquake,2.5,3.5,0.071,19,reviewed,us,us
2018-07-01T20:45:42.960Z,46.9633,144.9542,392.59,5.6,mww,,105,1.502,1,us,us2000ft89,2022-05-03T19:20:30.341Z,"168 km E of Yuzhno-Sakhalinsk, Russia",earthquake,9.9,3.7,0.05,38,reviewed,us,us
2018-07-03T09:59:54.580Z,5.8959,125.1334,97,5.7,mww,,42,1.247,1.14,us,us2000fvnq,2022-08-08T05:34:53.226Z,"7 km E of Tinoto, Philippines",earthquake,7,1.8,0.048,41,reviewed,us,us
2018-07-07T11:23:50.050Z,35.1073,140.6424,40,5.9,mww,,37,2.066,0.97,us,us2000fz0q,2022-05-03T19:21:26.726Z,"27 km SE of ?hara, Japan",earthquake,6.2,1.9,0.058,29,reviewed,us,us
2018-07-31T08:42:20.550Z,37.1788,141.0967,10.9,5.5,mww,,33,0.73,0.75,us,us2000gi03,2022-05-03T20:04:11.400Z,"23 km NE of Iwaki, Japan",earthquake,4.9,1.1,0.045,47,reviewed,us,us
2018-08-07T15:12:57.530Z,37.8857,144.0549,14.47,5.5,mww,,32,2.583,0.75,us,us1000g4th,2022-05-03T19:26:14.047Z,"242 km ESE of ?funato, Japan",earthquake,5.7,2.8,0.066,22,reviewed,us,us
2018-08-16T18:21:30.990Z,23.3524,143.3952,11.24,5.8,mwb,,14,3.885,0.78,us,us1000gaqf,2022-05-03T19:27:18.407Z,"Volcano Islands, Japan region",earthquake,8.1,2.9,0.034,84,reviewed,us,us
2018-08-16T18:22:53.360Z,23.4226,143.3187,20,6.3,mww,,17,3.798,0.64,us,us1000gaqv,2022-05-03T19:56:50.524Z,"Volcano Islands, Japan region",earthquake,7.1,1.7,0.042,54,reviewed,us,us
2018-08-17T22:06:57.350Z,23.4789,143.3295,18,5.6,mww,,15,3.747,0.7,us,us1000gbz1,2022-05-03T19:27:23.832Z,"Volcano Islands, Japan region",earthquake,6.6,1.6,0.056,31,reviewed,us,us
2018-08-31T14:40:27.470Z,13.5571,120.8426,116.3,5.5,mww,,34,8.641,0.92,us,us2000h5z6,2022-08-08T07:43:37.364Z,"9 km NNE of Odala, Philippines",earthquake,8.1,3.8,0.039,63,reviewed,us,us
2018-09-01T15:43:00.730Z,27.9555,139.9127,435,5.6,mww,,25,2.191,1.02,us,us2000h6i8,2022-05-03T19:28:42.574Z,"Bonin Islands, Japan region",earthquake,9.1,1.9,0.046,45,reviewed,us,us
2018-09-05T18:07:59.150Z,42.6861,141.9294,35,6.6,mww,,32,1.13,0.74,us,us2000h8ty,2022-05-03T19:29:17.651Z,"27 km ESE of Chitose, Japan",earthquake,6.5,1.9,0.062,25,reviewed,us,us
2018-09-08T02:31:30.740Z,23.3322,101.5779,8,5.7,mww,,19,2.745,0.49,us,us2000hat7,2022-05-03T19:29:33.478Z,"110 km SSE of Jianshui, China",earthquake,4.5,1.8,0.062,25,reviewed,us,us
2018-09-08T07:16:49.620Z,7.2377,126.4779,10,6.2,mww,,30,0.907,0.92,us,us2000haxi,2023-04-09T11:51:01.361Z,"7 km WNW of Manay, Philippines",earthquake,6.1,1.8,0.043,52,reviewed,us,us
2018-09-15T00:08:21.430Z,26.7302,129.6429,9.32,5.7,mww,,24,1.229,0.67,us,us2000hewm,2022-05-03T19:30:25.538Z,"165 km E of Nago, Japan",earthquake,4.8,2.7,0.051,37,reviewed,us,us
2018-09-15T08:05:29.100Z,26.6827,129.6017,10,5.7,mww,,35,1.198,0.54,us,us2000hf24,2022-05-03T19:53:29.776Z,"161 km E of Nago, Japan",earthquake,7.3,1.8,0.047,44,reviewed,us,us
2018-09-15T16:24:34.810Z,26.5742,129.5279,10.2,5.6,mww,,31,1.152,0.69,us,us2000hf73,2022-05-03T20:04:10.193Z,"153 km E of Nago, Japan",earthquake,7.2,3.2,0.046,46,reviewed,us,us
2018-10-23T04:34:58.630Z,24.1153,122.6027,30,5.8,mww,,36,0.511,0.86,us,us1000hfxx,2022-05-03T19:36:10.409Z,"56 km SW of Yonakuni, Japan",earthquake,6.2,1.8,0.048,41,reviewed,us,us
2018-10-23T16:04:04.240Z,23.9912,122.6791,31,5.7,mww,,36,0.562,0.94,us,us1000hg5i,2022-05-03T19:36:28.426Z,"61 km SSW of Yonakuni, Japan",earthquake,4,1.8,0.052,35,reviewed,us,us
2018-10-25T18:36:09.090Z,38.3158,141.785,40,5.7,mww,,62,0.903,0.86,us,us1000hh6r,2022-08-08T09:28:09.963Z,"43 km ESE of Ishinomaki, Japan",earthquake,6.5,1.9,0.05,38,reviewed,us,us
2018-10-26T03:04:53.530Z,44.4943,145.4594,10,5.6,mww,,54,2.091,0.99,us,us1000hhe5,2022-05-03T19:36:43.734Z,"57 km NW of Otrada, Russia",earthquake,4.5,1.7,0.05,39,reviewed,us,us
2018-10-29T01:27:44.280Z,31.6133,140.2515,94,5.5,mww,,26,1.542,0.98,us,us1000hiby,2022-05-03T19:37:06.941Z,"Izu Islands, Japan region",earthquake,6.2,1.8,0.056,31,reviewed,us,us
2018-11-04T07:55:29.280Z,7.7599,123.867,600.71,6,mww,,22,1.831,0.6,us,us2000i6mv,2022-08-08T09:49:28.479Z,"10 km SSE of Sapad, Philippines",earthquake,8.9,3.3,0.036,74,reviewed,us,us
2018-11-04T19:26:03.380Z,44.5478,145.6552,9,5.9,mww,,61,2.238,0.87,us,us2000i6sc,2022-08-08T09:51:04.535Z,"55 km NNW of Otrada, Russia",earthquake,6.9,1.7,0.045,48,reviewed,us,us
2018-11-20T19:09:48.840Z,30.42,130.0667,123,5.5,mww,,30,2.783,0.87,us,us1000hujf,2022-05-03T19:39:17.629Z,"34 km W of Nagata, Japan",earthquake,6,1.8,0.042,54,reviewed,us,us
2018-11-25T23:57:25.700Z,23.4043,118.5785,16,5.7,mww,,13,1.069,0.87,us,us1000hwix,2022-05-03T19:39:57.360Z,"104 km W of Magong, Taiwan",earthquake,5.4,1.7,0.061,26,reviewed,us,us
2018-12-24T00:18:07.020Z,34.0702,141.6992,13.04,5.6,mww,,26,1.839,0.82,us,us2000iwwp,2022-05-03T19:42:27.509Z,"174 km SE of Katsuura, Japan",earthquake,5.7,3.1,0.069,20,reviewed,us,us
2018-12-24T00:43:11.310Z,34.0619,141.6226,9.22,5.5,mww,,31,1.78,0.69,us,us2000iwx0,2022-05-03T19:58:38.883Z,"169 km SE of Katsuura, Japan",earthquake,6.5,3.3,0.071,19,reviewed,us,us
2019-01-05T22:54:14.440Z,25.8233,144.5691,14.28,5.7,mww,,20,2.485,0.75,us,us2000j0n0,2019-03-08T17:50:16.040Z,"Volcano Islands, Japan region",earthquake,7.5,2.8,0.04,61,reviewed,us,us
2019-01-07T03:11:54.280Z,7.8663,121.9502,19.43,5.5,mww,,31,3.684,1.17,us,us2000j0yp,2020-07-10T17:22:22.103Z,"27 km NW of Siocon, Philippines",earthquake,5.5,2.6,0.047,43,reviewed,us,us
2019-01-08T12:39:30.950Z,30.5872,131.0441,35,6.3,mww,,26,2.534,0.83,us,us2000j1d4,2022-08-08T11:22:13.671Z,"16 km SSE of Nishinoomote, Japan",earthquake,6,1.8,0.051,37,reviewed,us,us
2019-01-24T08:34:52.310Z,19.2411,121.1371,19,5.5,mww,,60,3.559,0.72,us,us2000j85q,2019-04-12T17:14:32.040Z,"69 km N of Namuac, Philippines",earthquake,6.8,1.2,0.039,62,reviewed,us,us
2019-01-26T08:23:03.140Z,40.3332,142.2224,48.24,5.5,mww,,90,0.992,0.67,us,us2000j94y,2022-08-08T11:50:26.167Z,"64 km ESE of Hachinohe, Japan",earthquake,7.1,4.6,0.062,25,reviewed,us,us
2019-02-06T10:25:20.540Z,15.858,120.6186,130.2,5.5,mww,,72,1.772,0.9,us,us2000je43,2019-04-25T15:31:45.040Z,"1 km NNE of Guiling, Philippines",earthquake,6.7,3.5,0.037,71,reviewed,us,us
2019-02-08T11:55:07.830Z,9.8456,126.5791,20,5.9,mww,,22,2.93,0.93,us,us2000jfb2,2020-07-10T17:25:14.608Z,"52 km E of Union, Philippines",earthquake,7,1.7,0.039,62,reviewed,us,us
2019-03-02T03:22:54.088Z,41.9469,146.894,18.73,5.9,mww,,20,2.786,0.95,us,us1000j9s1,2019-05-14T18:36:16.040Z,"187 km SE of Nemuro, Japan",earthquake,7.2,2.9,0.06,27,reviewed,us,us
2019-03-02T19:46:21.720Z,18.6542,120.3562,15.68,5.6,mww,,17,4.197,0.89,us,us1000j9yd,2020-07-10T16:03:11.573Z,"30 km NW of Davila, Philippines",earthquake,6.2,2.4,0.04,59,reviewed,us,us
2019-03-06T00:13:00.800Z,8.5425,126.9168,16,5.8,mww,,44,1.974,0.92,us,us1000jb24,2019-05-24T21:21:07.040Z,"66 km ENE of Hinatuan, Philippines",earthquake,5.2,1.7,0.045,48,reviewed,us,us
2019-03-08T15:06:12.620Z,10.384,126.006,30,6,mww,,102,3.32,0.92,us,us1000jccx,2019-05-24T21:21:17.040Z,"40 km N of Santa Monica, Philippines",earthquake,8.5,1.7,0.043,51,reviewed,us,us
2019-03-10T17:10:52.490Z,36.8322,142.3585,13,5.7,mww,,27,1.622,0.63,us,us1000jd8k,2022-08-08T12:50:26.160Z,"133 km E of Iwaki, Japan",earthquake,5.9,1.8,0.058,29,reviewed,us,us
2019-03-15T23:07:56.585Z,6.2517,125.3722,90.11,5.5,mww,,15,0.838,0.84,us,us1000jgvf,2019-06-01T21:24:17.040Z,"8 km ESE of Manga, Philippines",earthquake,4.9,3.6,0.056,31,reviewed,us,us
2019-04-01T02:16:53.597Z,10.6035,125.8523,50.09,5.6,mww,,33,3.521,1.23,us,us2000k89w,2019-06-08T20:51:29.040Z,"36 km S of Sulangan, Philippines",earthquake,7.9,4.4,0.052,36,reviewed,us,us
2019-04-05T09:56:52.723Z,30.4095,138.6839,383,5.9,mww,,11,2.859,1.01,us,us2000kans,2019-06-18T15:50:25.040Z,"Izu Islands, Japan region",earthquake,7.4,1.8,0.041,58,reviewed,us,us
2019-04-08T04:12:40.096Z,26.329,129.5878,10,5.5,mww,,24,1.281,0.97,us,us2000kc3p,2019-06-18T15:50:51.040Z,"162 km ESE of Nago, Japan",earthquake,7.3,1.7,0.035,77,reviewed,us,us
2019-04-11T08:18:21.380Z,40.4096,143.2985,18,6,mww,,50,1.607,0.66,us,us700034d3,2019-06-20T19:03:16.040Z,"143 km NE of Miyako, Japan",earthquake,5.7,1.8,0.062,25,reviewed,us,us
2019-04-18T05:01:06.493Z,24.0374,121.6501,20,6.1,mww,,23,0.144,1.15,us,us700038c1,2020-07-10T17:38:53.068Z,"8 km NE of Hualien City, Taiwan",earthquake,7,1.8,0.051,37,reviewed,us,us
2019-04-22T09:11:12.013Z,14.9538,120.5149,21.84,6.1,mww,,20,0.94,1.01,us,us70003a63,2023-04-22T12:51:04.302Z,"3 km WSW of San Francisco, Philippines",earthquake,6.3,3.7,0.035,77,reviewed,us,us
2019-04-23T05:37:53.147Z,11.7547,125.2013,56,6.4,mww,,15,4.67,1.07,us,us70003aj3,2021-05-06T05:34:27.306Z,"17 km ESE of Tutubigan, Philippines",earthquake,7,1.9,0.042,54,reviewed,us,us
2019-04-23T20:15:50.777Z,28.4073,94.5605,14,5.9,mww,,20,3.271,0.85,us,us70003axc,2020-07-10T17:39:52.331Z,"22 km SE of Shi Yomi, India",earthquake,7,1.8,0.062,25,reviewed,us,us
2019-05-04T01:05:09.527Z,12.3713,120.9321,10,5.7,mww,,88,1.72,1.39,us,us70003gig,2020-07-10T17:40:06.115Z,"8 km SW of San Agustin, Philippines",earthquake,6.4,1.7,0.041,56,reviewed,us,us
2019-05-06T02:48:42.702Z,18.7345,120.8764,35,5.5,mww,,46,4.067,1.02,us,us70003h71,2019-07-25T18:54:23.040Z,"21 km NNE of Pagudpud, Philippines",earthquake,6.8,1.9,0.045,48,reviewed,us,us
2019-05-09T22:43:23.033Z,31.8013,131.8869,22,5.6,mww,,24,1.572,0.73,us,us70003j3g,2019-08-01T17:15:08.040Z,"46 km ESE of Miyazaki, Japan",earthquake,6.1,1.8,0.057,30,reviewed,us,us
2019-05-09T23:48:42.779Z,31.7772,131.8483,22,6.2,mww,,17,1.575,0.67,us,us70003j46,2020-07-07T22:53:25.325Z,"43 km ESE of Miyazaki, Japan",earthquake,5,1.8,0.055,32,reviewed,us,us
2019-05-15T05:24:31.606Z,29.7216,130.7116,29,5.7,mww,,38,3.395,1.3,us,us70003ld5,2019-08-07T22:03:37.040Z,"59 km SSE of Koshima, Japan",earthquake,6.4,1.8,0.055,32,reviewed,us,us
2019-05-31T10:12:32.876Z,6.2795,126.479,98.72,6.1,mww,,26,1.189,0.74,us,us70003tl7,2019-08-24T21:17:39.040Z,"34 km ESE of Pondaguitan, Philippines",earthquake,6.2,4.6,0.048,41,reviewed,us,us
2019-06-04T04:39:16.961Z,29.0665,139.289,422,6.4,mww,,21,3.224,0.85,us,us70003v3j,2019-08-27T17:47:26.040Z,"Izu Islands, Japan region",earthquake,8.4,1.9,0.036,75,reviewed,us,us
2019-06-04T09:46:18.374Z,22.9032,121.6864,10,5.5,mww,,14,0.565,0.98,us,us70003v7s,2020-07-10T17:42:22.414Z,"119 km S of Hualien City, Taiwan",earthquake,5.6,1.7,0.05,38,reviewed,us,us
2019-06-05T20:41:49.574Z,6.4759,124.1678,470.06,5.5,mww,,23,1.52,0.91,us,us70003w0p,2022-08-08T14:02:39.451Z,"9 km E of Kulaman, Philippines",earthquake,9,3.9,0.053,34,reviewed,us,us
2019-06-17T14:55:44.876Z,28.4056,104.9333,6,5.8,mww,,18,4.396,0.61,us,us600041ry,2022-12-27T08:14:09.576Z,"22 km ESE of Xunchang, China",earthquake,7.1,1.8,0.06,27,reviewed,us,us
2019-06-18T13:22:19.010Z,38.6391,139.4769,12,6.4,mww,,33,1.288,0.87,us,us600042fx,2022-04-06T05:39:26.974Z,"31 km WSW of Tsuruoka, Japan",earthquake,5.5,1.8,0.048,42,reviewed,us,us
2019-06-28T15:51:31.302Z,19.8515,144.3477,410,6.4,mww,,26,4.787,1.16,us,us700046la,2021-06-13T16:33:53.176Z,"Maug Islands region, Northern Mariana Islands",earthquake,7.9,1.9,0.043,53,reviewed,us,us
2019-07-01T16:59:25.333Z,9.1702,124.1922,533,5.9,mww,,24,2.498,1.13,us,us7000483i,2022-08-08T14:25:42.413Z,"48 km S of Valencia, Philippines",earthquake,9.3,2,0.04,59,reviewed,us,us
2019-07-09T11:33:31.642Z,47.4425,144.9818,436,5.5,mww,,37,1.59,0.78,us,us70004fqv,2019-09-28T20:01:02.040Z,"165 km E of Dolinsk, Russia",earthquake,9.1,1.9,0.059,28,reviewed,us,us
2019-07-09T12:36:58.915Z,6.8138,125.1193,10,5.6,mww,,39,0.522,0.92,us,us70004fsk,2020-07-10T17:44:01.965Z,"8 km W of Dolo, Philippines",earthquake,7,1.8,0.043,52,reviewed,us,us
2019-07-12T20:42:55.276Z,9.3281,126.043,14.29,5.8,mww,,21,2.29,1.07,us,us70004j9u,2020-07-10T17:44:24.904Z,"7 km E of Cantilan, Philippines",earthquake,4.8,3.3,0.066,22,reviewed,us,us
2019-07-13T00:57:44.339Z,29.3533,128.1534,251,6.1,mww,,11,2.51,1.19,us,us70004jea,2019-09-28T20:01:16.040Z,"169 km NW of Naze, Japan",earthquake,6.3,1.8,0.033,86,reviewed,us,us
2019-07-19T09:22:15.514Z,27.7188,92.8302,15,5.5,mww,,17,2.313,0.54,us,us70004nrn,2020-07-10T17:46:02.648Z,"64 km NE of Bomdila, India",earthquake,7.6,1.7,0.062,25,reviewed,us,us
2019-07-26T23:37:58.444Z,20.8373,121.9744,9,6,mww,,23,2.138,0.75,us,us60004w8x,2020-07-10T17:31:51.149Z,"43 km N of Basco, Philippines",earthquake,6.4,1.7,0.055,32,reviewed,us,us
2019-07-27T01:24:44.681Z,20.754,122.0083,10,5.7,mww,,40,2.227,1.45,us,us60004wav,2020-07-10T17:32:07.049Z,"34 km N of Basco, Philippines",earthquake,3.7,1.8,0.045,48,reviewed,us,us
2019-07-27T18:31:07.540Z,33.1492,137.3029,367,6.3,mww,,14,1.691,0.79,us,us60004wjb,2019-10-11T20:12:42.040Z,"138 km ESE of Shing?, Japan",earthquake,7,1.9,0.055,32,reviewed,us,us
2019-07-29T20:37:43.551Z,32.8383,140.569,59.14,5.8,mww,,30,0.692,0.81,us,us60004x4m,2019-10-11T20:12:50.040Z,"246 km SSE of Tateyama, Japan",earthquake,7,3.7,0.053,34,reviewed,us,us
2019-08-04T10:23:03.726Z,37.7594,141.6031,38,6.3,mww,,32,0.653,0.78,us,us600050if,2020-07-10T17:33:19.457Z,"61 km ENE of Namie, Japan",earthquake,7.3,1.9,0.071,19,reviewed,us,us
2019-08-07T21:28:03.651Z,24.4782,121.9301,20.79,5.8,mww,,17,0.43,0.83,us,us6000522g,2020-07-10T17:33:44.435Z,"35 km SSE of Yilan, Taiwan",earthquake,5.3,2.1,0.068,21,reviewed,us,us
2019-08-28T23:46:40.132Z,41.0682,142.9955,23.77,5.9,mww,,30,0.953,0.69,us,us700059ee,2019-11-15T17:19:45.040Z,"141 km ENE of Hachinohe, Japan",earthquake,5.1,2.9,0.053,34,reviewed,us,us
2019-09-10T05:39:24.000Z,6.6371,126.4167,48,5.7,mww,,21,0.936,1.39,us,us70005dza,2020-07-10T17:47:38.764Z,"26 km SSE of Tamisan, Philippines",earthquake,6.5,1.9,0.047,44,reviewed,us,us
2019-10-16T11:37:06.342Z,6.7147,125.007,16.12,6.4,mww,,33,0.668,0.85,us,us70005ulm,2023-04-15T15:09:45.172Z,"7 km ENE of Columbio, Philippines",earthquake,6.4,4.2,0.043,53,reviewed,us,us
2019-10-29T01:04:43.879Z,6.7567,125.0082,15,6.6,mww,,24,0.646,0.78,us,us6000645n,2023-04-09T11:17:30.140Z,"10 km NE of Columbio, Philippines",earthquake,5.7,1.8,0.043,52,reviewed,us,us
2019-10-29T01:09:01.253Z,6.7869,125.0186,14.1,5.6,mb,,45,0.623,0.73,us,us70006424,2021-05-06T10:52:14.284Z,"11 km E of Bual, Philippines",earthquake,3.7,3.8,0.061,95,reviewed,us,us
2019-10-29T02:42:38.284Z,6.8659,124.9846,10,5.9,mww,,23,0.623,0.89,us,us60006470,2021-08-10T07:33:20.611Z,"8 km E of Bagontapay, Philippines",earthquake,5.8,1.8,0.055,32,reviewed,us,us
2019-10-31T01:11:19.146Z,6.9098,125.1782,10,6.5,mww,,19,0.428,0.76,us,us700061e9,2023-04-15T15:11:31.357Z,"2 km ENE of Bulatukan, Philippines",earthquake,7,1.7,0.043,51,reviewed,us,us
2019-11-06T20:52:54.686Z,14.8741,122.7951,6.6,5.6,mww,,30,1.956,1.23,us,us7000645k,2020-02-01T23:21:42.040Z,"48 km ENE of Casuguran, Philippines",earthquake,7.1,3.9,0.052,36,reviewed,us,us
2019-11-18T13:22:10.121Z,7.6222,124.9103,14.45,5.9,mww,,41,0.861,0.73,us,us700069f4,2021-05-14T09:50:58.738Z,"2 km N of Kadingilan, Philippines",earthquake,6.1,3.2,0.065,23,reviewed,us,us
2019-11-20T21:03:57.835Z,19.4452,101.2534,10,5.7,mww,,38,2.271,0.67,us,us70006anm,2020-07-10T17:53:32.604Z,"44 km ENE of Chiang Klang, Thailand",earthquake,6.6,1.8,0.052,35,reviewed,us,us
2019-11-20T23:50:43.955Z,19.4533,101.3558,10,6.2,mww,,15,2.366,0.62,us,us70006ara,2020-07-10T17:53:43.441Z,"43 km WNW of Sainyabuli, Laos",earthquake,6.4,1.7,0.049,40,reviewed,us,us
2019-12-10T17:05:02.138Z,30.7269,141.7195,11,5.8,mww,,14,2.88,0.73,us,us60006ptp,2020-03-04T21:26:51.040Z,"Izu Islands, Japan region",earthquake,6.4,1.7,0.051,37,reviewed,us,us
2019-12-15T06:11:51.155Z,6.6969,125.1739,18,6.8,mww,,39,0.546,1.05,us,us60006rp9,2023-04-10T05:47:35.422Z,"7 km S of Magsaysay, Philippines",earthquake,8,1.7,0.051,37,reviewed,us,us
2019-12-15T07:09:20.910Z,6.5335,125.2599,10,5.6,mww,,36,0.619,0.82,us,us60006rpn,2021-05-30T00:31:00.889Z,"9 km SSE of Kiblawan, Philippines",earthquake,7.5,1.8,0.055,32,reviewed,us,us
2020-01-02T18:23:53.135Z,35.8098,141.249,31,5.7,mww,,61,0.912,1.03,us,us70006ttf,2020-03-21T17:13:04.040Z,"38 km ENE of Hasaki, Japan",earthquake,5.9,1.8,0.066,22,reviewed,us,us
2020-03-19T13:52:55.249Z,20.7035,143.5362,10,5.5,mww,,109,7.188,0.81,us,us70008c70,2022-03-05T03:25:22.728Z,"Mariana Islands region",earthquake,10.9,1.9,0.044,50,reviewed,us,us
2020-03-20T03:03:13.676Z,46.0479,93.9973,10,5.5,mww,,24,8.125,0.95,us,us70008cmt,2020-06-06T20:53:55.040Z,"178 km WSW of Altai, Mongolia",earthquake,7,1.7,0.071,19,reviewed,us,us
2020-04-10T16:44:56.425Z,20.4677,122.1097,160,5.9,mww,,25,2.527,1.11,us,us70008tc8,2020-06-30T14:02:52.040Z,"14 km E of Basco, Philippines",earthquake,7.4,1.9,0.044,50,reviewed,us,us
2020-04-16T11:45:23.960Z,22.8004,94.0292,10,5.9,mww,,25,0.426,0.93,us,us70008xhp,2022-03-10T05:13:15.512Z,"38 km ESE of Falam, Myanmar",earthquake,6.3,1.7,0.055,32,reviewed,us,us
2020-04-18T08:25:37.052Z,27.1264,140.1349,453,6.6,mww,,28,1.827,0.85,us,us70008z89,2020-07-09T14:31:24.040Z,"Bonin Islands, Japan region",earthquake,8.6,2,0.045,48,reviewed,us,us
2020-04-18T09:24:18.247Z,27.2034,140.0712,473.69,5.7,mww,,28,1.886,0.99,us,us70008za4,2020-07-09T14:31:25.040Z,"Bonin Islands, Japan region",earthquake,9,4.1,0.08,15,reviewed,us,us
2020-04-19T20:39:05.639Z,38.8953,142.0049,38,6.3,mww,,34,2.025,1.18,us,us7000903m,2022-12-11T22:37:10.101Z,"31 km SE of ?funato, Japan",earthquake,6.5,1.7,0.05,39,reviewed,us,us
2020-05-03T11:54:24.575Z,31.404,128.8393,10,5.9,mww,,22,1.382,0.46,us,us700099b2,2020-07-18T21:57:31.040Z,"139 km WSW of Kushikino, Japan",earthquake,6.1,1.8,0.053,34,reviewed,us,us
2020-05-04T13:07:48.414Z,35.6865,140.8749,42.42,5.6,mww,,100,0.593,0.68,us,us700099s8,2020-07-21T19:11:32.040Z,"6 km SE of Hasaki, Japan",earthquake,4.8,3.9,0.075,17,reviewed,us,us
2020-05-10T23:58:33.700Z,36.3571,141.1273,31,5.8,mww,,26,0.767,0.69,us,us70009dus,2020-07-29T22:14:29.040Z,"49 km E of ?arai, Japan",earthquake,4.2,1.2,0.051,37,reviewed,us,us
2020-05-30T18:13:48.078Z,42.4803,143.8087,89,5.6,mww,,35,1.862,0.92,us,us6000a2rt,2020-08-15T20:19:54.040Z,"69 km SE of Obihiro, Japan",earthquake,7,1.9,0.06,27,reviewed,us,us
2020-06-13T15:51:24.069Z,28.8591,128.2713,165,6.6,mww,,18,2.015,1.04,us,us6000abcq,2020-08-22T19:14:49.040Z,"130 km WNW of Naze, Japan",earthquake,7.3,1.9,0.038,68,reviewed,us,us
2020-06-21T22:40:52.633Z,23.1449,93.2856,10.84,5.6,mww,,23,0.578,0.64,us,us6000ag4u,2022-03-10T05:24:29.517Z,"22 km E of North Vanlaiphai, India",earthquake,4,3,0.068,21,reviewed,us,us
2020-06-24T19:47:45.011Z,35.4711,141.0738,29.05,5.9,mww,,33,0.642,0.97,us,us7000aabt,2022-03-10T05:25:39.141Z,"36 km SE of Hasaki, Japan",earthquake,5.8,2.8,0.05,39,reviewed,us,us
2020-07-06T12:58:04.288Z,21.0329,144.8578,125,5.5,mww,,34,5.828,0.73,us,us7000aiqf,2022-06-22T06:43:47.805Z,"Mariana Islands region",earthquake,3.9,1.9,0.063,24,reviewed,us,us
2020-07-06T18:19:09.971Z,31.5275,138.1263,388.56,5.7,mww,,35,2.118,0.69,us,us7000aiyp,2020-09-11T22:14:21.040Z,"Izu Islands, Japan region",earthquake,6.8,4.2,0.071,19,reviewed,us,us
2020-07-27T17:32:45.227Z,9.0183,126.2681,43.39,5.8,mww,,26,2.052,1.18,us,us6000b4ug,2022-03-10T05:30:11.616Z,"3 km N of La Paz, Philippines",earthquake,7.3,3.1,0.047,44,reviewed,us,us
2020-07-30T00:35:56.884Z,30.6287,141.7721,14.25,5.8,mww,,15,2.986,0.84,us,us6000b6i4,2020-10-10T17:11:01.040Z,"Izu Islands, Japan region",earthquake,6.2,2.5,0.048,42,reviewed,us,us
2020-07-31T06:06:41.589Z,8.5416,126.5987,28,5.7,mww,,32,1.777,0.97,us,us6000b7ai,2022-08-08T23:48:39.032Z,"34 km ENE of Hinatuan, Philippines",earthquake,8.2,1.9,0.052,36,reviewed,us,us
2020-08-01T17:09:01.952Z,7.2932,124.1331,483,6.4,mww,,13,1.451,1.04,us,us6000b80p,2022-08-08T23:49:57.844Z,"11 km SW of Polloc, Philippines",earthquake,7.4,1.9,0.027,129,reviewed,us,us
2020-08-12T22:32:38.305Z,19.8876,121.2803,10,5.5,mww,,27,2.921,0.56,us,us6000bdq1,2020-10-24T20:08:46.040Z,"95 km SW of Basco, Philippines",earthquake,6.9,1.8,0.057,30,reviewed,us,us
2020-08-18T00:03:48.566Z,12.0257,124.1272,10,6.6,mww,,14,5.128,0.73,us,us6000bgbr,2022-03-13T02:31:00.914Z,"13 km E of San Pedro, Philippines",earthquake,7.1,1.6,0.06,27,reviewed,us,us
2020-09-06T15:23:43.148Z,6.2693,125.8285,120,6.3,mww,,29,0.832,1.22,us,us7000biyd,2023-04-09T10:57:16.751Z,"17 km E of Talagutong, Philippines",earthquake,7.2,1.9,0.045,47,reviewed,us,us
2020-09-12T02:44:11.224Z,38.7482,142.2446,34,6.1,mww,,47,2.232,0.97,us,us7000bm9m,2022-12-11T22:42:12.155Z,"58 km SE of ?funato, Japan",earthquake,5.7,1.7,0.057,30,reviewed,us,us
2020-09-20T22:13:15.030Z,9.2643,126.6862,9,5.6,mww,,43,2.44,0.56,us,us7000bql2,2020-11-28T21:31:59.040Z,"54 km E of Cortes, Philippines",earthquake,6.8,1.4,0.069,20,reviewed,us,us
2020-09-21T18:04:57.669Z,51.8569,103.4802,10,5.5,mww,,28,0.203,0.68,us,us6000bzek,2022-03-10T05:40:52.953Z,"21 km NW of Kultuk, Russia",earthquake,7.4,1.8,0.075,17,reviewed,us,us
2020-10-03T09:31:31.262Z,33.4766,140.9412,28.85,5.8,mww,,15,1.01,0.77,us,us6000c54x,2020-12-12T22:28:37.040Z,"193 km SSE of Katsuura, Japan",earthquake,6.6,2.9,0.051,37,reviewed,us,us
2020-10-04T18:16:53.824Z,13.6082,120.7526,121,5.6,mww,,25,3.931,0.89,us,us6000c5i4,2020-12-12T22:28:39.040Z,"14 km WSW of Tingloy, Philippines",earthquake,7.6,1.9,0.038,67,reviewed,us,us
2020-10-10T17:38:00.765Z,24.6661,93.4997,53,5.5,mww,,22,0.849,0.65,us,us6000c7ce,2020-12-19T17:22:44.040Z,"33 km WNW of Moir?ng, India",earthquake,4.5,1.9,0.083,14,reviewed,us,us
2020-11-06T08:56:38.063Z,40.9903,143.255,12,5.5,mww,,114,1.026,0.74,us,us7000cb99,2021-01-23T22:25:31.040Z,"157 km ENE of Hachinohe, Japan",earthquake,5.5,1.8,0.059,28,reviewed,us,us
2020-11-07T01:10:32.071Z,25.71,143.6051,16,5.8,mww,,41,8.085,1,us,us7000cbni,2021-01-23T22:25:32.040Z,"Volcano Islands, Japan region",earthquake,3,1.7,0.05,38,reviewed,us,us
2020-11-11T05:17:56.078Z,25.4713,142.75,10,5.7,mww,,44,1.695,0.91,us,us7000cd9a,2021-01-27T17:28:34.040Z,"Volcano Islands, Japan region",earthquake,6.9,1.7,0.063,24,reviewed,us,us
2020-11-15T22:37:43.690Z,8.7572,126.2914,43,6,mww,,26,1.819,0.99,us,us7000cfes,2023-04-09T10:56:17.449Z,"5 km S of Marihatag, Philippines",earthquake,6.2,1.9,0.042,54,reviewed,us,us
2020-11-22T10:05:53.849Z,36.5889,141.1105,33,5.5,mww,,86,0.823,0.72,us,us6000crfr,2022-02-16T09:35:16.987Z,"37 km ESE of Takahagi, Japan",earthquake,5.4,1.3,0.098,10,reviewed,us,us
2020-11-30T22:54:34.601Z,48.2521,140.7971,589,6.4,mww,,26,1.854,0.94,us,us7000clbu,2021-11-16T05:35:29.475Z,"88 km SSE of Sovetskaya Gavan’, Russia",earthquake,6,1.9,0.04,60,reviewed,us,us
2020-12-08T00:47:24.531Z,22.5204,144.7385,20,5.5,mww,,15,5.112,0.64,us,us7000cp05,2021-02-12T22:40:16.040Z,"Volcano Islands, Japan region",earthquake,2.5,1.8,0.053,34,reviewed,us,us
2020-12-10T13:19:58.682Z,24.7818,122.0243,71,6.1,mww,,18,0.515,0.76,us,us7000cpqz,2022-03-10T05:49:46.366Z,"27 km E of Yilan, Taiwan",earthquake,3.8,1.6,0.061,26,reviewed,us,us
2020-12-12T07:18:54.231Z,40.1213,142.0551,44,5.5,mww,,69,1.008,0.66,us,us7000cqhy,2021-02-20T16:11:27.040Z,"53 km N of Miyako, Japan",earthquake,6.4,1.9,0.063,24,reviewed,us,us
2020-12-20T17:23:22.668Z,40.8667,142.5814,35,6.3,mww,,33,1.153,1.07,us,us7000csqe,2022-12-11T22:20:18.260Z,"100 km ENE of Hachinohe, Japan",earthquake,6.8,1.9,0.041,57,reviewed,us,us
2020-12-24T23:43:41.964Z,13.82,120.6539,109,6.3,mww,,15,3.715,0.75,us,us6000d2ra,2022-03-10T05:50:52.505Z,"2 km ESE of Calatagan, Philippines",earthquake,5.8,1.8,0.032,92,reviewed,us,us
2021-01-11T21:32:59.015Z,51.2811,100.4383,10,6.7,mww,,22,2.043,0.75,us,us6000d7ix,2022-04-02T03:58:49.807Z,"29 km SSW of Turt, Mongolia",earthquake,6.7,1.7,0.039,62,reviewed,us,us
2021-01-12T02:39:43.421Z,43.7004,139.9863,214,5.9,mww,,22,1.929,0.72,us,us6000d7ml,2021-03-20T21:24:30.040Z,"84 km NW of Yoichi, Japan",earthquake,7,1.9,0.071,19,reviewed,us,us
2021-02-07T04:22:56.667Z,6.7693,125.1011,16,6,mww,,37,0.56,1.39,us,us6000df9r,2023-04-15T15:12:25.496Z,"9 km W of Magsaysay, Philippines",earthquake,7.1,1.7,0.048,41,reviewed,us,us
2021-02-13T14:07:49.797Z,37.7265,141.7751,43.98,7.1,mww,,11,3.085,0.94,us,us6000dher,2022-08-12T12:10:12.886Z,"73 km ENE of Namie, Japan",earthquake,7,2.8,0.036,74,reviewed,us,us
2021-03-02T09:23:02.046Z,21.9305,121.2921,31.63,5.5,mww,,81,0.904,0.53,us,us7000detx,2021-05-13T22:40:30.040Z,"57 km E of Hengchun, Taiwan",earthquake,7.6,4,0.063,24,reviewed,us,us
2021-03-06T18:18:33.634Z,21.0971,144.441,10,5.5,mww,,34,5.971,0.71,us,us7000dgkl,2023-02-20T22:17:18.613Z,"Mariana Islands region",earthquake,8.1,1.8,0.093,11,reviewed,us,us
2021-03-06T18:51:12.620Z,20.8917,144.3647,10,5.7,mww,,21,5.788,0.82,us,us7000dgkw,2023-02-20T22:14:49.414Z,"Maug Islands region, Northern Mariana Islands",earthquake,7.9,1.7,0.048,42,reviewed,us,us
2021-03-19T06:11:27.113Z,31.9246,92.9151,8,5.7,mww,,19,2.696,0.59,us,us7000dkv0,2021-06-02T15:23:54.040Z,"95 km ENE of Nagqu, China",earthquake,7.1,1.8,0.086,13,reviewed,us,us
2021-03-20T09:09:43.966Z,38.4515,141.6477,43,7,mww,,35,2.378,0.75,us,us7000dl6y,2022-08-12T12:07:56.816Z,"30 km E of Ishinomaki, Japan",earthquake,7.2,1.9,0.045,47,reviewed,us,us
2021-03-26T22:02:16.801Z,26.1379,125.0872,153,5.9,mww,,16,2.509,0.85,us,us6000dww9,2021-06-08T17:58:39.040Z,"149 km N of Hirara, Japan",earthquake,6.1,1.4,0.046,46,reviewed,us,us
2021-03-28T00:26:55.783Z,33.6313,140.2781,40,5.7,mww,,18,0.644,0.85,us,us6000dx32,2021-06-08T17:58:51.040Z,"154 km SSE of Tateyama, Japan",earthquake,6.9,1.8,0.052,35,reviewed,us,us
2021-04-18T00:29:11.489Z,38.3481,141.95,41,5.6,mww,,40,2.532,0.89,us,us6000e2hf,2022-12-11T22:50:56.542Z,"57 km E of Ishinomaki, Japan",earthquake,6.6,1.9,0.052,35,reviewed,us,us
2021-04-18T00:29:25.096Z,38.2543,141.8817,31.43,5.6,mb,,41,2.609,0.72,us,us6000e2hq,2021-07-25T18:43:13.503Z,"53 km ESE of Ishinomaki, Japan",earthquake,3.8,4.1,0.05,140,reviewed,us,us
2021-04-18T14:11:38.411Z,23.7895,121.5649,10,5.5,mb,,34,0.383,0.76,us,us6000e2mt,2021-07-03T16:48:11.040Z,"21 km S of Hualien City, Taiwan",earthquake,4.4,1.8,0.104,32,reviewed,us,us
2021-04-18T14:14:36.967Z,23.857,121.5264,12,5.8,mww,,24,0.321,0.69,us,us6000e2mv,2021-07-03T16:48:11.040Z,"15 km SSW of Hualien City, Taiwan",earthquake,5.8,1.8,0.06,27,reviewed,us,us
2021-04-28T02:21:26.212Z,26.7813,92.4565,34,6,mww,,11,1.324,0.79,us,us7000dy3b,2021-12-22T03:20:52.001Z,"8 km NNW of Dhekiajuli, India",earthquake,6.6,1.7,0.066,22,reviewed,us,us
2021-05-01T01:27:27.215Z,38.1997,141.5973,43,6.9,mww,,35,2.619,0.82,us,us7000dz5t,2022-02-16T09:45:02.989Z,"",earthquake,7.3,1.9,0.041,58,reviewed,us,us
2021-05-03T05:07:30.816Z,25.7702,123.885,199,5.5,mww,,30,1.52,0.64,us,us7000dzma,2021-07-10T20:15:07.040Z,"160 km N of Ishigaki, Japan",earthquake,7.6,1.9,0.05,39,reviewed,us,us
2021-05-03T08:46:39.830Z,51.3055,100.4195,18,5.6,mww,,30,2.05,0.51,us,us7000dznc,2022-07-26T06:59:06.569Z,"28 km SW of Turt, Mongolia",earthquake,7.3,1.8,0.065,23,reviewed,us,us
2021-05-12T01:09:27.067Z,13.5716,120.8478,113,5.8,mww,,14,7.962,1.04,us,us7000e28e,2021-07-23T18:08:33.040Z,"10 km SSW of Tingloy, Philippines",earthquake,7.6,1.8,0.039,63,reviewed,us,us
2021-05-13T23:58:14.041Z,37.7169,141.8167,32,6,mww,,43,3.112,0.93,us,us7000e2xd,2022-08-12T12:05:43.057Z,"76 km ENE of Namie, Japan",earthquake,6.8,1.9,0.048,42,reviewed,us,us
2021-05-16T03:23:53.371Z,42.0159,144.4738,9,5.7,mww,,40,0.981,1.13,us,us7000e3h1,2021-07-24T21:07:14.040Z,"106 km S of Kushiro, Japan",earthquake,6.2,1.8,0.08,15,reviewed,us,us
2021-05-21T13:48:37.193Z,25.7274,100.0082,9,6.1,mww,,17,4.438,0.93,us,us7000e532,2022-08-09T05:10:54.306Z,"25 km NW of Dali, China",earthquake,6.8,1.7,0.053,34,reviewed,us,us
2021-05-21T18:04:13.565Z,34.5983,98.2513,10,7.3,mww,,9,4.655,0.77,us,us7000e54r,2022-11-18T12:23:16.011Z,"Southern Qinghai, China",earthquake,3,1.7,0.037,71,reviewed,us,us
2021-05-21T18:12:15.048Z,34.617,98.4674,10,5.5,mb,,38,4.48,0.55,us,us6000ef48,2021-07-31T22:08:07.040Z,"Southern Qinghai, China",earthquake,9.5,1.8,0.08,57,reviewed,us,us
2021-05-21T18:13:01.128Z,34.4808,99.0805,10,5.5,mb,,43,4.054,0.73,us,us6000ef4i,2021-07-31T22:08:07.040Z,"Southern Qinghai, China",earthquake,9,1.9,0.093,45,reviewed,us,us
2021-05-29T01:02:41.087Z,36.3105,141.9873,12.04,5.5,mww,,63,3.055,0.85,us,us6000efq6,2021-11-19T07:50:24.227Z,"122 km ENE of Hasaki, Japan",earthquake,2.3,3,0.071,19,reviewed,us,us
2021-06-14T14:38:41.447Z,7.7102,124.967,5.86,5.7,mww,,41,0.879,0.61,us,us7000ecyk,2021-08-26T21:59:19.040Z,"5 km NW of Don Carlos, Philippines",earthquake,3.9,3.3,0.044,50,reviewed,us,us
2021-06-16T08:48:58.863Z,38.2061,93.7234,10,5.5,mww,,29,8.75,0.75,us,us7000edh9,2021-08-26T21:59:25.040Z,"northern Qinghai, China",earthquake,7.6,1.8,0.068,21,reviewed,us,us
2021-07-23T20:48:57.357Z,13.7047,120.7259,110,6.7,mww,,12,8.139,0.98,us,us6000eyfk,2021-12-07T15:21:27.547Z,"15 km S of Hukay, Philippines",earthquake,7.2,1.8,0.051,37,reviewed,us,us
2021-07-23T20:57:18.713Z,13.7977,120.7434,120.58,5.8,mww,,19,8.203,0.84,us,us6000eyfn,2021-10-03T05:21:29.040Z,"6 km SE of Hukay, Philippines",earthquake,6.5,3,0.089,12,reviewed,us,us
2021-07-29T08:39:27.722Z,22.8638,95.9967,10,5.5,mb,,48,2.066,0.7,us,us6000f051,2021-10-03T05:23:09.040Z,"44 km NE of Shwebo, Myanmar",earthquake,5.8,1.8,0.055,114,reviewed,us,us
2021-08-03T20:33:34.791Z,36.0981,142.1045,27,5.8,mww,,40,1.657,0.76,us,us6000f1z7,2021-11-19T07:57:03.767Z,"121 km ENE of Hasaki, Japan",earthquake,5.9,1.8,0.069,20,reviewed,us,us
2021-08-04T21:50:46.473Z,24.7827,122.3105,10,5.8,mww,,9,0.711,0.86,us,us6000f29v,2021-10-14T01:07:17.040Z,"56 km E of Yilan, Taiwan",earthquake,5.8,1.7,0.05,38,reviewed,us,us
2021-08-11T17:46:13.143Z,6.4748,126.7151,55.14,7.1,mww,,25,1.273,1.27,us,us6000f48v,2023-04-10T05:46:40.584Z,"60 km ENE of Pondaguitan, Philippines",earthquake,6.5,3.7,0.037,71,reviewed,us,us
2021-08-12T15:53:28.451Z,6.2918,127.3033,10,5.7,mww,,46,1.878,0.75,us,us6000f4k8,2021-10-23T15:46:15.040Z,"124 km E of Pondaguitan, Philippines",earthquake,4.8,1.8,0.098,10,reviewed,us,us
2021-08-13T15:08:31.218Z,13.7016,120.7817,121,5.9,mww,,26,9.071,1.09,us,us6000f5na,2021-10-29T14:46:07.040Z,"10 km WNW of Tingloy, Philippines",earthquake,9.7,1.9,0.034,84,reviewed,us,us
2021-08-27T10:22:26.052Z,5.671,125.0293,54.5,5.6,mww,,35,1.493,0.47,us,us7000f4kz,2021-11-06T20:29:01.040Z,"20 km S of Malbang, Philippines",earthquake,6.1,5.9,0.065,23,reviewed,us,us
2021-09-13T22:46:06.357Z,32.4784,137.8572,370,5.8,mww,,18,1.743,0.9,us,us7000faw7,2021-12-21T22:23:39.281Z,"223 km SE of Shing?, Japan",earthquake,7.7,1.7,0.048,41,reviewed,us,us
2021-09-26T17:12:05.243Z,13.8941,120.5097,83,5.7,mww,,21,8.415,1.24,us,us7000fen1,2021-12-04T14:29:47.040Z,"12 km W of Talisay, Philippines",earthquake,8.2,1.9,0.036,73,reviewed,us,us
2021-09-29T08:37:05.619Z,38.8893,135.4527,364,6.1,mww,,13,3.198,0.82,us,us6000fq2d,2021-12-04T14:27:57.040Z,"243 km NNW of Nanao, Japan",earthquake,7.2,1.9,0.05,38,reviewed,us,us
2021-10-05T17:46:02.970Z,40.0529,142.141,55,5.7,mww,,11,1.102,0.91,us,us6000frzg,2022-01-05T00:38:20.081Z,"48 km NNE of Miyako, Japan",earthquake,6,1.8,0.046,45,reviewed,us,us
2021-10-07T13:41:24.528Z,35.5736,140.0705,62,5.9,mww,,29,1.786,1.1,us,us6000fsl6,2022-09-22T07:10:52.585Z,"5 km SW of Chiba, Japan",earthquake,6.1,1.9,0.055,32,reviewed,us,us
2021-10-07T18:28:03.669Z,22.3124,94.7676,110,5.5,mww,,23,1.129,0.81,us,us6000fsrg,2021-12-10T21:14:20.040Z,"44 km WNW of Monywa, Myanmar",earthquake,6,1.8,0.056,31,reviewed,us,us
2021-10-21T08:36:47.973Z,32.1131,138.1614,335.78,5.5,mww,,30,1.715,0.77,us,us6000fwdc,2021-12-25T22:58:56.040Z,"271 km SE of Shing?, Japan",earthquake,7.6,4.6,0.098,10,reviewed,us,us
2021-10-24T05:11:34.230Z,24.5108,121.8314,69,6.2,mww,,18,0.399,0.92,us,us6000fx56,2022-01-08T17:42:13.040Z,"28 km SSE of Yilan, Taiwan",earthquake,6.3,1.9,0.048,41,reviewed,us,us
2021-11-10T15:45:13.652Z,23.5935,126.4474,12,6.6,mww,,15,3.259,0.8,us,us7000fszl,2022-02-01T22:10:17.110Z,"177 km SE of Hirara, Japan",earthquake,6.2,1.7,0.033,90,reviewed,us,us
2021-11-25T23:45:41.752Z,22.8232,93.5061,43,6.2,mww,,21,1.726,0.88,us,us7000fx45,2022-09-30T05:55:20.796Z,"20 km WSW of Falam, Myanmar",earthquake,5.4,3.7,0.08,15,reviewed,us,us
2021-11-26T07:14:04.082Z,28.9223,142.354,11,5.6,mww,,63,1.825,0.74,us,us7000fx6f,2022-02-05T23:04:12.040Z,"",earthquake,6.1,1.4,0.054,33,reviewed,us,us
2021-11-29T12:40:44.400Z,31.196,142.5026,11,6.3,mww,,35,2.976,0.75,us,us7000fxyq,2022-02-05T23:04:33.040Z,"",earthquake,8,1.8,0.037,71,reviewed,us,us
2021-11-30T06:53:34.578Z,31.217,142.4377,20.07,5.5,mww,,54,2.921,0.53,us,us6000g7tw,2022-08-06T18:31:09.325Z,"Izu Islands, Japan region",earthquake,8.7,1.6,0.044,49,reviewed,us,us
2021-12-09T02:05:07.684Z,29.4132,129.3846,7,6,mww,,19,2.283,0.66,us,us6000gaq5,2022-02-12T23:07:06.040Z,"116 km N of Naze, Japan",earthquake,5.8,1.7,0.055,32,reviewed,us,us
2021-12-13T09:12:33.433Z,13.6205,120.7577,133.39,5.5,mww,,32,8.68,0.72,us,us6000gbu7,2022-02-24T21:00:29.040Z,"Mindoro, Philippines",earthquake,9,3.9,0.037,69,reviewed,us,us
2021-12-19T21:06:15.047Z,19.5613,101.3109,10,5.5,mww,,22,1.104,0.66,us,us6000gdng,2022-03-01T16:38:01.040Z,"53 km NW of Sainyabuli, Laos",earthquake,4.3,1.7,0.044,50,reviewed,us,us
2021-12-24T13:43:22.922Z,22.3699,101.6708,9.48,5.7,mww,,21,2.214,0.57,us,us6000gf1y,2022-03-05T23:10:36.040Z,"88 km NNW of Phôngsali, Laos",earthquake,6.4,3.8,0.046,46,reviewed,us,us
2021-12-26T08:26:47.590Z,25.2095,125.6031,19.09,5.9,mww,,27,2.468,0.56,us,us6000gfd9,2022-03-05T23:10:41.040Z,"southwestern Ryukyu Islands, Japan",earthquake,6.8,3.2,0.037,71,reviewed,us,us
2022-01-03T09:46:35.767Z,24.0079,122.2592,19,6.2,mww,,66,0.629,0.9,us,us7000g8n3,2022-12-15T04:25:35.010Z,"66 km E of Hualien City, Taiwan",earthquake,4.4,1.7,0.053,34,reviewed,us,us
2022-01-03T21:08:51.066Z,27.1965,141.5457,40,5.8,mww,,14,0.578,1.11,us,us7000g8rm,2022-03-12T22:19:05.040Z,"Bonin Islands, Japan region",earthquake,5.7,1.8,0.062,25,reviewed,us,us
2022-01-07T17:45:30.809Z,37.8283,101.29,13,6.6,mww,,13,2.685,0.69,us,us7000g9zq,2022-05-20T05:35:37.367Z,"northern Qinghai, China",earthquake,7,1.7,0.08,15,reviewed,us,us
2022-01-21T16:08:37.210Z,32.7282,132.0386,39,6.3,mww,,25,1.813,1.11,us,us7000gdwz,2023-02-10T15:51:03.910Z,"27 km SSE of Saiki, Japan",earthquake,5.8,1.9,0.073,18,reviewed,us,us
2022-01-23T02:21:19.926Z,38.4613,97.3425,10,5.6,mww,,24,5.653,0.85,us,us7000gebb,2022-05-31T22:08:08.642Z,"156 km SSW of Laojunmiao, China",earthquake,7.3,1.8,0.06,27,reviewed,us,us
2022-02-08T16:36:31.681Z,26.8395,126.5254,10,5.6,mww,,36,1.561,0.81,us,us7000gj4q,2022-04-19T17:39:09.040Z,"Ryukyu Islands, Japan",earthquake,5.8,1.8,0.043,51,reviewed,us,us
2022-02-13T04:36:17.787Z,19.1297,121.173,28.22,5.5,mww,,47,3.67,0.93,us,us7000gkf7,2022-04-30T14:18:04.040Z,"57 km N of Namuac, Philippines",earthquake,7.4,3.6,0.05,38,reviewed,us,us
2022-02-21T20:52:32.543Z,26.8606,126.4361,11.49,5.6,mww,,37,1.64,0.88,us,us7000gmrx,2022-05-04T13:39:27.040Z,"143 km WNW of Naha, Japan",earthquake,6.6,3.4,0.049,40,reviewed,us,us
2022-03-13T21:05:49.469Z,14.096,119.3811,11,6.4,mww,,28,8.823,0.88,us,us6000h48d,2022-05-27T14:55:19.040Z,"75 km WNW of Cabra, Philippines",earthquake,6.7,1.7,0.033,87,reviewed,us,us
2022-03-16T14:34:27.453Z,37.6468,141.6735,57.18,6,mwb,,51,2.981,0.67,us,us6000h518,2022-05-27T14:55:29.040Z,"62 km ENE of Namie, Japan",earthquake,7.5,6.4,0.046,46,reviewed,us,us
2022-03-16T14:36:30.997Z,37.7132,141.5793,41,7.3,mww,,29,2.936,0.88,us,us6000h519,2023-03-10T20:56:20.662Z,"57 km ENE of Namie, Japan",earthquake,6.9,1.9,0.054,33,reviewed,us,us
2022-03-16T15:52:29.990Z,37.8061,141.8531,55.01,5.5,mb,,21,3.041,1.09,us,us6000h53e,2022-05-27T14:55:29.040Z,"83 km SE of Ishinomaki, Japan",earthquake,6.4,4.5,0.021,761,reviewed,us,us
2022-03-17T11:33:37.138Z,26.8146,126.3749,9,5.7,mww,,39,1.695,0.88,us,us6000h5cy,2022-05-27T14:55:31.040Z,"146 km WNW of Naha, Japan",earthquake,6.1,1.7,0.066,22,reviewed,us,us
2022-03-18T19:04:18.686Z,25.6706,123.998,165.94,5.9,mww,,30,1.495,0.81,us,us6000h5uk,2022-05-27T14:55:39.040Z,"147 km N of Ishigaki, Japan",earthquake,7,2.9,0.043,52,reviewed,us,us
2022-03-22T17:41:38.584Z,23.3839,121.6118,24,6.7,mww,,32,0.289,0.83,us,us6000h6nr,2022-08-10T03:20:17.453Z,"65 km S of Hualien City, Taiwan",earthquake,4.5,1.7,0.083,14,reviewed,us,us
2022-03-22T17:43:25.213Z,23.42,121.4901,16.66,5.9,mb,,19,0.179,0.73,us,us6000h6rn,2022-08-06T08:20:10.758Z,"62 km S of Hualien City, Taiwan",earthquake,4.6,1.9,0.055,125,reviewed,us,us
2022-03-22T19:35:03.930Z,23.5048,121.542,24,5.5,mwr,,36,0.251,0.87,us,us6000h6s3,2022-05-28T18:35:25.040Z,"52 km S of Hualien City, Taiwan",earthquake,3.4,1.6,0.06,27,reviewed,us,us
2022-03-22T20:29:58.188Z,23.4084,121.5099,18,5.8,mww,,31,0.196,0.85,us,us6000h6sl,2022-05-28T18:35:25.040Z,"63 km S of Hualien City, Taiwan",earthquake,4.4,1.7,0.06,27,reviewed,us,us
2022-03-25T16:21:03.998Z,38.5365,97.2898,10,5.7,mww,,27,11.417,0.86,us,us7000gx8m,2022-05-28T18:35:36.040Z,"148 km SSW of Laojunmiao, China",earthquake,8.1,1.8,0.066,22,reviewed,us,us
2022-04-03T10:24:54.783Z,9.2559,126.6946,17.04,5.6,mww,,43,2.436,0.64,us,us7000gzcf,2022-06-11T20:21:00.040Z,"55 km E of Cortes, Philippines",earthquake,3.4,3.3,0.075,17,reviewed,us,us
2022-04-07T23:36:10.821Z,21.7031,121.0439,10,5.7,mww,,56,1.109,0.88,us,us7000h0jz,2022-06-11T20:21:13.040Z,"45 km SE of Hengchun, Taiwan",earthquake,7.1,1.7,0.055,32,reviewed,us,us
2022-04-13T01:22:32.819Z,26.8566,126.4128,8,5.6,mww,,35,1.661,0.54,us,us7000h1lc,2022-06-20T22:08:00.040Z,"145 km WNW of Naha, Japan",earthquake,5.8,1.7,0.058,29,reviewed,us,us
2022-04-19T01:23:07.057Z,7.2852,126.9533,19,6.1,mww,,42,1.38,0.96,us,us7000h373,2022-06-26T01:19:27.040Z,"41 km E of Santiago, Philippines",earthquake,6.8,1.7,0.045,47,reviewed,us,us
2022-04-20T21:57:43.018Z,6.9686,126.9241,19,6,mww,,22,1.338,0.95,us,us6000hf49,2022-06-26T01:20:15.040Z,"50 km ESE of Manay, Philippines",earthquake,6.4,1.7,0.044,50,reviewed,us,us
2022-05-01T21:57:49.305Z,23.6503,142.7068,54,5.5,mww,122,36,3.463,0.64,us,us7000h69c,2022-07-09T21:39:48.040Z,"Volcano Islands, Japan region",earthquake,8.7,1.9,0.06,27,reviewed,us,us
2022-05-04T21:41:06.134Z,6.4879,127.0565,19.82,5.6,mww,194,50,1.576,0.82,us,us7000h74t,2022-07-09T21:39:59.040Z,"90 km ESE of Bobon, Philippines",earthquake,7.5,2.9,0.049,40,reviewed,us,us
2022-05-05T08:21:15.666Z,6.5295,127.1315,18,6,mww,124,72,1.632,0.48,us,us7000h781,2022-07-09T21:40:02.040Z,"94 km SE of Lukatan, Philippines",earthquake,4.9,1.8,0.043,51,reviewed,us,us
2022-05-07T11:53:56.580Z,26.7906,126.4642,10,5.5,mww,145,40,1.616,0.52,us,us7000h7s7,2022-07-22T18:31:05.040Z,"137 km WNW of Naha, Japan",earthquake,5.5,1.8,0.043,51,reviewed,us,us
2022-05-09T06:23:02.067Z,24.0406,122.4888,21,6.2,mww,200,34,0.638,0.34,us,us7000h82f,2022-07-22T18:31:08.040Z,"70 km SW of Yonakuni, Japan",earthquake,6.1,1.8,0.049,40,reviewed,us,us
2022-05-17T06:04:53.424Z,33.3852,141.6529,10,5.5,mww,158,62,1.564,0.69,us,us6000hlq7,2022-07-24T02:39:22.040Z,"230 km SSE of Katsuura, Japan",earthquake,3.5,1.8,0.057,30,reviewed,us,us
2022-05-17T13:17:52.144Z,33.3872,141.5114,13,5.5,mww,118,83,1.448,0.4,us,us6000hlry,2022-07-24T02:39:29.040Z,"224 km SSE of Katsuura, Japan",earthquake,6.4,3.3,0.049,40,reviewed,us,us
2022-05-18T03:52:25.111Z,33.3301,141.4573,13,5.6,mww,124,39,1.394,0.52,us,us6000hlxg,2022-07-24T02:39:45.040Z,"227 km SSE of Katsuura, Japan",earthquake,6.1,1.4,0.062,25,reviewed,us,us
2022-05-21T21:50:48.047Z,14.0187,120.6494,129,6.1,mww,270,11,8.435,1.04,us,us6000hmz8,2022-08-02T19:50:38.040Z,"1 km S of Lian, Philippines",earthquake,8.7,1.8,0.033,90,reviewed,us,us
2022-05-22T15:17:31.327Z,33.2279,141.4121,12,6,mww,126,52,1.345,0.63,us,us6000hn4d,2022-08-02T19:50:40.040Z,"235 km SSE of Katsuura, Japan",earthquake,7,1.8,0.042,55,reviewed,us,us
2022-05-23T02:01:05.931Z,41.2357,143.0991,34,5.5,mww,182,95,0.779,0.72,us,us6000hn6m,2022-08-02T19:50:42.040Z,"136 km SSE of Shizunai-furukawach?, Japan",earthquake,5.8,1.8,0.051,37,reviewed,us,us
2022-06-01T09:00:08.401Z,30.3951,102.9582,12,5.8,mww,229,15,5.651,0.71,us,us7000he1h,2023-02-04T11:54:04.113Z,"48 km W of Linqiong, China",earthquake,7.4,1.8,0.043,52,reviewed,us,us
2022-06-02T18:54:31.063Z,9.0182,126.5097,38.76,5.5,mww,124,23,2.144,1.05,us,us7000hefw,2022-08-06T22:13:19.040Z,"26 km ENE of Bacolod, Philippines",earthquake,7.9,1.4,0.055,32,reviewed,us,us
2022-06-03T07:03:35.211Z,26.7819,126.4199,10,5.6,mww,156,43,1.656,0.61,us,us7000heku,2022-08-06T22:13:22.040Z,"140 km WNW of Naha, Japan",earthquake,6.6,1.9,0.042,54,reviewed,us,us
2022-06-09T16:03:26.522Z,32.3152,101.8363,10.14,5.6,mww,226,20,3.945,0.61,us,us7000hg8b,2022-08-13T21:52:45.040Z,"247 km NW of Tianpeng, China",earthquake,7.1,3.2,0.056,31,reviewed,us,us
2022-06-09T17:28:35.801Z,32.3726,101.8721,7,5.9,mww,167,20,6.848,0.55,us,us7000hg9p,2022-08-13T21:52:10.040Z,"249 km NW of Tianpeng, China",earthquake,8.61,1.773,0.055,32,reviewed,us,us
2022-06-19T09:55:19.070Z,26.7173,126.5426,7,5.5,mww,113,37,1.551,0.48,us,us7000hiil,2022-08-28T03:18:42.040Z,"126 km WNW of Naha, Japan",earthquake,6,1.8,0.052,36,reviewed,us,us
2022-06-20T01:05:07.321Z,23.6544,121.4725,8,5.9,mww,149,34,0.306,0.45,us,us7000him8,2022-08-28T03:19:02.040Z,"38 km SSW of Hualien City, Taiwan",earthquake,3.2,1.7,0.048,42,reviewed,us,us
2022-06-21T07:14:53.666Z,27.8624,142.7323,10,5.9,mww,142,49,0.905,0.77,us,us7000hixl,2022-08-29T04:33:56.507Z,"Bonin Islands, Japan region",earthquake,6,1.8,0.043,53,reviewed,us,us
2022-06-30T18:40:36.938Z,19.0236,121.3363,30,6,mww,144,26,3.782,1.01,us,us6000hywe,2022-09-03T21:03:23.040Z,"49 km NNE of Namuac, Philippines",earthquake,8,1.8,0.042,55,reviewed,us,us
2022-07-02T01:59:45.250Z,45.9178,142.0358,309,5.9,mww,139,51,1.155,1.07,us,us6000hzas,2022-09-13T06:20:39.040Z,"58 km SSE of Shebunino, Russia",earthquake,5.3,1.7,0.038,65,reviewed,us,us
2022-07-21T17:07:25.226Z,21.1504,99.8777,5,5.9,mww,128,37,0.3,0.88,us,us7000hsg4,2022-09-27T16:57:12.040Z,"53 km S of K?ng Tung, Myanmar",earthquake,5.99,1.795,0.051,37,reviewed,us,us
2022-07-27T00:43:26.871Z,17.5207,120.8181,33.729,7,mww,152,22,5.276,0.6,us,us6000i5rd,2023-04-15T14:46:01.674Z,"11 km NE of Bantay, Philippines",earthquake,7.93,2.766,0.044,50,reviewed,us,us
2022-08-02T05:24:27.762Z,6.8333,123.7663,20,5.5,mww,87,56,1.815,0.54,us,us6000i7d8,2022-10-12T14:49:49.040Z,"",earthquake,7.54,1.794,0.065,23,reviewed,us,us
2022-08-04T03:39:45.898Z,32.6119,142.5292,11.525,5.7,mww,319,26,2.34,0.54,us,us6000i7xr,2022-10-12T14:50:23.040Z,"Izu Islands, Japan region",earthquake,6.91,2.897,0.053,34,reviewed,us,us
2022-08-13T06:25:32.230Z,6.9062,123.792,19.913,5.8,mww,140,32,1.781,0.61,us,us6000iag5,2022-10-28T02:25:35.040Z,"Moro Gulf, Mindanao, Philippines",earthquake,7.15,3.265,0.047,44,reviewed,us,us
2022-08-14T08:20:00.340Z,33.1157,92.7977,5,5.7,mww,191,25,8.375,0.47,us,us6000iaqi,2022-10-28T02:25:50.040Z,"194 km NNE of Nagqu, China",earthquake,7.45,1.83,0.098,10,reviewed,us,us
2022-08-17T04:24:44.961Z,33.1235,141.7775,10,5.6,mww,62,71,1.648,0.46,us,us6000ibi3,2022-10-28T02:26:39.040Z,"261 km SSE of Katsuura, Japan",earthquake,7.39,1.819,0.054,33,reviewed,us,us
2022-08-29T12:19:38.362Z,28.8646,130.6526,28,5.5,mww,94,48,2.642,0.53,us,us7000i3c8,2022-11-06T04:38:04.040Z,"126 km ENE of Naze, Japan",earthquake,5.4,1.889,0.066,22,reviewed,us,us
2022-09-05T04:52:19.645Z,29.6786,102.236,12,6.6,mww,141,34,8.454,0.52,us,us7000i59t,2023-02-04T11:44:13.731Z,"44 km SE of Kangding, China",earthquake,8.19,1.746,0.04,59,reviewed,us,us
2022-09-17T13:41:17.890Z,23.1191,121.4138,10,6.5,mww,178,54,0.43,0.75,us,us7000i8ui,2022-11-26T20:57:33.040Z,"96 km SE of Lugu, Taiwan",earthquake,7.54,1.746,0.038,67,reviewed,us,us
2022-09-17T14:45:27.429Z,22.9547,121.2227,10,5.5,mww,54,51,0.645,0.98,us,us7000i8v9,2022-11-26T20:57:34.040Z,"Taiwan region",earthquake,3.7,1.755,0.052,35,reviewed,us,us
2022-09-18T05:19:17.747Z,23.0986,121.3134,11,5.6,mww,128,50,0.353,0.42,us,us7000i903,2022-11-26T20:57:37.040Z,"87 km E of Yujing, Taiwan",earthquake,5.03,1.844,0.065,23,reviewed,us,us
2022-09-18T06:44:13.846Z,23.138,121.3439,10,6.9,mww,215,34,0.401,0.58,us,us7000i90q,2022-11-27T01:30:45.570Z,"90 km E of Yujing, Taiwan",earthquake,6.07,1.822,0.038,68,reviewed,us,us
2022-09-18T08:09:58.854Z,26.2583,126.0051,10,5.7,mww,112,31,2.111,0.59,us,us7000i91n,2022-11-26T20:57:37.040Z,"166 km W of Itoman, Japan",earthquake,6.84,1.855,0.066,22,reviewed,us,us
2022-09-18T09:39:56.516Z,23.2178,121.2918,10,5.9,mww,98,34,0.444,0.5,us,us7000i928,2022-11-26T20:57:38.040Z,"80 km SE of Lugu, Taiwan",earthquake,6.44,1.854,0.089,12,reviewed,us,us
2022-09-19T02:07:42.832Z,23.371,121.4499,9,5.5,mww,107,27,0.142,0.77,us,us7000i96l,2022-11-26T20:57:41.040Z,"68 km SSW of Hualien City, Taiwan",earthquake,1.97,1.793,0.06,27,reviewed,us,us
2022-09-29T22:22:36.730Z,23.1002,94.8968,150,5.6,mww,161,20,3.03,0.72,us,us6000ipft,2022-12-03T22:02:42.040Z,"78 km SE of Mawlaik, Myanmar",earthquake,6.97,1.849,0.053,34,reviewed,us,us
2022-10-01T15:02:32.377Z,31.3495,131.4691,31,5.7,mww,178,49,0.883,0.93,us,us6000iq08,2022-12-10T22:52:33.040Z,"26 km SE of Kushima, Japan",earthquake,4.97,1.792,0.086,13,reviewed,us,us
2022-10-10T19:24:39.976Z,23.9304,122.2867,15,5.5,mww,111,65,0.677,0.66,us,us6000isjn,2022-12-17T22:53:51.040Z,"69 km E of Hualien City, Taiwan",earthquake,5.71,1.668,0.061,26,reviewed,us,us
2022-10-19T08:05:40.546Z,6.7327,125.1351,34,5.5,mww,107,33,0.554,0.97,us,us6000iust,2022-12-31T23:03:39.040Z,"6 km SW of Magsaysay, Philippines",earthquake,6.53,1.818,0.063,24,reviewed,us,us
2022-10-25T14:59:00.085Z,17.6609,120.8147,6,6.4,mww,124,25,5.137,0.55,us,us6000iwds,2023-04-13T14:58:46.088Z,"11 km E of Dolores, Philippines",earthquake,7.31,1.778,0.05,38,reviewed,us,us
2022-11-10T05:01:05.611Z,28.3835,94.4118,15,5.5,mww,182,35,6.722,0.5,us,us7000inqd,2023-01-21T19:27:18.040Z,"16 km SSE of Shi Yomi, India",earthquake,8.34,1.843,0.089,12,reviewed,us,us
2022-11-14T08:08:26.124Z,33.8139,137.3055,346,6.1,mww,274,28,1.127,0.63,us,us7000ipkm,2023-01-28T19:58:14.040Z,"85 km SSE of Toba, Japan",earthquake,7.92,1.907,0.042,54,reviewed,us,us
2022-12-09T06:32:59.635Z,13.1588,125.8253,9,5.8,mww,164,82,6.056,0.62,us,us6000j83l,2023-02-11T23:03:19.040Z,"96 km NE of Cabatuan, Philippines",earthquake,8.59,1.834,0.043,52,reviewed,us,us
2022-12-09T20:01:56.492Z,6.4472,126.1762,72.166,5.6,mww,272,21,0.857,0.78,us,us6000j88f,2023-02-11T23:03:22.040Z,"6 km ESE of Nangan, Philippines",earthquake,8.3,2.734,0.05,38,reviewed,us,us
2022-12-13T14:25:17.214Z,27.5074,129.5492,19,5.6,mww,151,29,1.319,0.57,us,us6000j901,2023-02-18T22:04:08.040Z,"95 km S of Naze, Japan",earthquake,4.92,1.509,0.056,31,reviewed,us,us
2022-12-15T04:03:15.817Z,23.7695,121.8115,13,5.9,mww,129,36,0.449,0.62,us,us6000j9by,2023-02-18T22:04:11.040Z,"31 km SE of Hualien City, Taiwan",earthquake,3.17,1.728,0.043,52,reviewed,us,us
2022-12-17T18:06:02.988Z,31.7958,131.6429,30,5.6,mww,204,70,1.054,0.94,us,us6000ja1a,2023-02-28T23:06:23.040Z,"25 km ESE of Miyazaki, Japan",earthquake,5.03,1.8,0.069,20,reviewed,us,us
2022-12-24T08:35:41.508Z,28.2943,138.8056,519.989,5.5,mww,223,28,3.225,0.67,us,us6000jbf0,2023-03-07T18:59:45.040Z,"",earthquake,9.63,4.558,0.075,17,reviewed,us,us
